"Classe","Sexo","Idade","num_irmaos_conjugues","num_pais_criancas","num_bilhete","tarifa","cabine","porto_embarcacao","num_bote_salva_vidas","sobreviveu"
"First","Female",29,0,0,"24160",211.3375,"B5","Southampton","2","Yes"
"First","Male",0.9167,1,2,"113781",151.55,"C22 C26","Southampton","11","Yes"
"First","Female",2,1,2,"113781",151.55,"C22 C26","Southampton",,"No"
"First","Male",30,1,2,"113781",151.55,"C22 C26","Southampton",,"No"
"First","Female",25,1,2,"113781",151.55,"C22 C26","Southampton",,"No"
"First","Male",48,0,0,"19952",26.55,"E12","Southampton","3","Yes"
"First","Female",63,1,0,"13502",77.9583,"D7","Southampton","10","Yes"
"First","Male",39,0,0,"112050",0,"A36","Southampton",,"No"
"First","Female",53,2,0,"11769",51.4792,"C101","Southampton","D","Yes"
"First","Male",71,0,0,"PC 17609",49.5042,,"Cherbourg",,"No"
"First","Male",47,1,0,"PC 17757",227525,"C62 C64","Cherbourg",,"No"
"First","Female",18,1,0,"PC 17757",227525,"C62 C64","Cherbourg","4","Yes"
"First","Female",24,0,0,"PC 17477",69.3,"B35","Cherbourg","9","Yes"
"First","Female",26,0,0,"19877",78.85,,"Southampton","6","Yes"
"First","Male",80,0,0,"27042",30,"A23","Southampton","B","Yes"
"First","Male",,0,0,"PC 17318",25925,,"Southampton",,"No"
"First","Male",24,0,1,"PC 17558",247.5208,"B58 B60","Cherbourg",,"No"
"First","Female",50,0,1,"PC 17558",247.5208,"B58 B60","Cherbourg","6","Yes"
"First","Female",32,0,0,"11813",76.2917,"D15","Cherbourg","8","Yes"
"First","Male",36,0,0,"13050",75.2417,"C6","Cherbourg","A","No"
"First","Male",37,1,1,"11751",52.5542,"D35","Southampton","5","Yes"
"First","Female",47,1,1,"11751",52.5542,"D35","Southampton","5","Yes"
"First","Male",26,0,0,"111369",30,"C148","Cherbourg","5","Yes"
"First","Female",42,0,0,"PC 17757",227525,,"Cherbourg","4","Yes"
"First","Female",29,0,0,"PC 17483",221.7792,"C97","Southampton","8","Yes"
"First","Male",25,0,0,"13905",26,,"Cherbourg",,"No"
"First","Male",25,1,0,"11967",91.0792,"B49","Cherbourg","7","Yes"
"First","Female",19,1,0,"11967",91.0792,"B49","Cherbourg","7","Yes"
"First","Female",35,0,0,"PC 17760",135.6333,"C99","Southampton","8","Yes"
"First","Male",28,0,0,"110564",26.55,"C52","Southampton","D","Yes"
"First","Male",45,0,0,"113784",35.5,"T","Southampton",,"No"
"First","Male",40,0,0,"112277",31,"A31","Cherbourg","7","Yes"
"First","Female",30,0,0,"36928",164.8667,"C7","Southampton","8","Yes"
"First","Female",58,0,0,"113783",26.55,"C103","Southampton","8","Yes"
"First","Male",42,0,0,"110489",26.55,"D22","Southampton",,"No"
"First","Female",45,0,0,"PC 17608",262375,,"Cherbourg","4","Yes"
"First","Female",22,0,1,"113505",55,"E33","Southampton","6","Yes"
"First","Male",,0,0,"111427",26.55,,"Southampton","9","Yes"
"First","Male",41,0,0,"113054",30.5,"A21","Southampton",,"No"
"First","Male",48,0,0,"PC 17591",50.4958,"B10","Cherbourg",,"No"
"First","Male",,0,0,"112379",39.6,,"Cherbourg",,"No"
"First","Female",44,0,0,"PC 17610",27.7208,"B4","Cherbourg","6","Yes"
"First","Female",59,2,0,"11769",51.4792,"C101","Southampton","D","Yes"
"First","Female",60,0,0,"11813",76.2917,"D15","Cherbourg","8","Yes"
"First","Female",41,0,0,"16966",134.5,"E40","Cherbourg","3","Yes"
"First","Male",45,0,0,"113050",26.55,"B38","Southampton",,"No"
"First","Male",,0,0,"113798",31,,"Southampton",,"No"
"First","Male",42,0,0,"PC 17476",26.2875,"E24","Southampton","5","Yes"
"First","Female",53,0,0,"PC 17606",27.4458,,"Cherbourg","6","Yes"
"First","Male",36,0,1,"PC 17755",512.3292,"B51 B53 B55","Cherbourg","3","Yes"
"First","Female",58,0,1,"PC 17755",512.3292,"B51 B53 B55","Cherbourg","3","Yes"
"First","Male",33,0,0,"695",5,"B51 B53 B55","Southampton",,"No"
"First","Male",28,0,0,"113059",47.1,,"Southampton",,"No"
"First","Male",17,0,0,"113059",47.1,,"Southampton",,"No"
"First","Male",11,1,2,"113760",120,"B96 B98","Southampton","4","Yes"
"First","Female",14,1,2,"113760",120,"B96 B98","Southampton","4","Yes"
"First","Male",36,1,2,"113760",120,"B96 B98","Southampton","C","Yes"
"First","Female",36,1,2,"113760",120,"B96 B98","Southampton","4","Yes"
"First","Male",49,0,0,"19924",26,,"Southampton",,"No"
"First","Female",,0,0,"17770",27.7208,,"Cherbourg","5","Yes"
"First","Male",36,1,0,"19877",78.85,"C46","Southampton",,"No"
"First","Female",76,1,0,"19877",78.85,"C46","Southampton","6","Yes"
"First","Male",46,1,0,"W.E.P. 5734",61175,"E31","Southampton",,"No"
"First","Female",47,1,0,"W.E.P. 5734",61175,"E31","Southampton","4","Yes"
"First","Male",27,1,0,"113806",53.1,"E8","Southampton","5","Yes"
"First","Female",33,1,0,"113806",53.1,"E8","Southampton","5","Yes"
"First","Female",36,0,0,"PC 17608",262375,"B61","Cherbourg","4","Yes"
"First","Female",30,0,0,"110152",86.5,"B77","Southampton","8","Yes"
"First","Male",45,0,0,"PC 17594",29.7,"A9","Cherbourg","7","Yes"
"First","Female",,0,1,"113505",55,"E33","Southampton","6","Yes"
"First","Male",,0,0,"112051",0,,"Southampton",,"No"
"First","Male",27,1,0,"13508",136.7792,"C89","Cherbourg",,"No"
"First","Female",26,1,0,"13508",136.7792,"C89","Cherbourg","4","Yes"
"First","Female",22,0,0,"113781",151.55,,"Southampton","11","Yes"
"First","Male",,0,0,"110465",52,"A14","Southampton",,"No"
"First","Male",47,0,0,"5727",25.5875,"E58","Southampton",,"No"
"First","Female",39,1,1,"PC 17756",83.1583,"E49","Cherbourg","14","Yes"
"First","Male",37,1,1,"PC 17756",83.1583,"E52","Cherbourg",,"No"
"First","Female",64,0,2,"PC 17756",83.1583,"E45","Cherbourg","14","Yes"
"First","Female",55,2,0,"11770",25.7,"C101","Southampton","2","Yes"
"First","Male",,0,0,"113791",26.55,,"Southampton",,"No"
"First","Male",70,1,1,"WE/P 5735",71,"B22","Southampton",,"No"
"First","Female",36,0,2,"WE/P 5735",71,"B22","Southampton","7","Yes"
"First","Female",64,1,1,"112901",26.55,"B26","Southampton","7","Yes"
"First","Male",39,1,0,"PC 17599",71.2833,"C85","Cherbourg",,"No"
"First","Female",38,1,0,"PC 17599",71.2833,"C85","Cherbourg","4","Yes"
"First","Male",51,0,0,"113055",26.55,"E17","Southampton","5 9","Yes"
"First","Male",27,0,0,"113804",30.5,,"Southampton","3","Yes"
"First","Female",33,0,0,"113781",151.55,,"Southampton","8","Yes"
"First","Male",31,1,0,"F.C. 12750",52,"B71","Southampton",,"No"
"First","Female",27,1,2,"F.C. 12750",52,"B71","Southampton","3","Yes"
"First","Male",31,1,0,"17474",57,"B20","Southampton","3","Yes"
"First","Female",17,1,0,"17474",57,"B20","Southampton","3","Yes"
"First","Male",53,1,1,"33638",81.8583,"A34","Southampton","13","Yes"
"First","Male",4,0,2,"33638",81.8583,"A34","Southampton","5","Yes"
"First","Female",54,1,1,"33638",81.8583,"A34","Southampton","5","Yes"
"First","Male",50,1,0,"PC 17761",106425,"C86","Cherbourg",,"No"
"First","Female",27,1,1,"PC 17558",247.5208,"B58 B60","Cherbourg","6","Yes"
"First","Female",48,1,0,"PC 17761",106425,"C86","Cherbourg","2","Yes"
"First","Female",48,1,0,"11755",39.6,"A16","Cherbourg","1","Yes"
"First","Male",49,1,0,"PC 17485",56.9292,"A20","Cherbourg","1","Yes"
"First","Male",39,0,0,"PC 17580",29.7,"A18","Cherbourg",,"No"
"First","Female",23,0,1,"11767",83.1583,"C54","Cherbourg","7","Yes"
"First","Female",38,0,0,"PC 17757",227525,"C45","Cherbourg","4","Yes"
"First","Female",54,1,0,"36947",78.2667,"D20","Cherbourg","4","Yes"
"First","Female",36,0,0,"PC 17531",31.6792,"A29","Cherbourg",,"No"
"First","Male",,0,0,"PC 17483",221.7792,"C95","Southampton",,"No"
"First","Female",,0,0,"PC 17598",31.6833,,"Southampton","7","Yes"
"First","Female",,0,0,"17421",110.8833,,"Cherbourg","4","Yes"
"First","Male",36,0,0,"PC 17474",26.3875,"E25","Southampton","5","Yes"
"First","Male",30,0,0,"113051",27.75,"C111","Cherbourg",,"No"
"First","Female",24,3,2,"19950",263,"C23 C25 C27","Southampton","10","Yes"
"First","Female",28,3,2,"19950",263,"C23 C25 C27","Southampton","10","Yes"
"First","Female",23,3,2,"19950",263,"C23 C25 C27","Southampton","10","Yes"
"First","Male",19,3,2,"19950",263,"C23 C25 C27","Southampton",,"No"
"First","Male",64,1,4,"19950",263,"C23 C25 C27","Southampton",,"No"
"First","Female",60,1,4,"19950",263,"C23 C25 C27","Southampton","10","Yes"
"First","Female",30,0,0,"PC 17485",56.9292,"E36","Cherbourg","1","Yes"
"First","Male",,0,0,"113778",26.55,"D34","Southampton",,"No"
"First","Male",50,2,0,"PC 17611",133.65,,"Southampton","5","Yes"
"First","Male",43,1,0,"17765",27.7208,"D40","Cherbourg","5","Yes"
"First","Female",,1,0,"PC 17611",133.65,,"Southampton","5","Yes"
"First","Female",22,0,2,"13568",49.5,"B39","Cherbourg","5","Yes"
"First","Male",60,1,1,"13567",79.2,"B41","Cherbourg","5","Yes"
"First","Female",48,1,1,"13567",79.2,"B41","Cherbourg","5","Yes"
"First","Male",,0,0,"112058",0,"B102","Southampton",,"No"
"First","Male",37,1,0,"113803",53.1,"C123","Southampton",,"No"
"First","Female",35,1,0,"113803",53.1,"C123","Southampton","D","Yes"
"First","Male",47,0,0,"111320",38.5,"E63","Southampton",,"No"
"First","Female",35,0,0,"113503",211.5,"C130","Cherbourg","4","Yes"
"First","Female",22,0,1,"112378",59.4,,"Cherbourg","7","Yes"
"First","Female",45,0,1,"112378",59.4,,"Cherbourg","7","Yes"
"First","Male",24,0,0,"PC 17593",79.2,"B86","Cherbourg",,"No"
"First","Male",49,1,0,"17453",89.1042,"C92","Cherbourg","5","Yes"
"First","Female",,1,0,"17453",89.1042,"C92","Cherbourg","5","Yes"
"First","Male",71,0,0,"PC 17754",34.6542,"A5","Cherbourg",,"No"
"First","Male",53,0,0,"113780",28.5,"C51","Cherbourg","B","Yes"
"First","Female",19,0,0,"112053",30,"B42","Southampton","3","Yes"
"First","Male",38,0,1,"PC 17582",153.4625,"C91","Southampton",,"No"
"First","Female",58,0,1,"PC 17582",153.4625,"C125","Southampton","3","Yes"
"First","Male",23,0,1,"PC 17759",63.3583,"D10 D12","Cherbourg","7","Yes"
"First","Female",45,0,1,"PC 17759",63.3583,"D10 D12","Cherbourg","7","Yes"
"First","Male",46,0,0,"PC 17593",79.2,"B82 B84","Cherbourg",,"No"
"First","Male",25,1,0,"11765",55.4417,"E50","Cherbourg","5","Yes"
"First","Female",25,1,0,"11765",55.4417,"E50","Cherbourg","5","Yes"
"First","Male",48,1,0,"PC 17572",76.7292,"D33","Cherbourg","3","Yes"
"First","Female",49,1,0,"PC 17572",76.7292,"D33","Cherbourg","3","Yes"
"First","Male",,0,0,"113796",42.4,,"Southampton",,"No"
"First","Male",45,1,0,"36973",83475,"C83","Southampton",,"No"
"First","Female",35,1,0,"36973",83475,"C83","Southampton","D","Yes"
"First","Male",40,0,0,"112059",0,"B94","Southampton",,"No"
"First","Male",27,0,0,"PC 17572",76.7292,"D49","Cherbourg","3","Yes"
"First","Male",,0,0,"16988",30,"D45","Southampton","3","Yes"
"First","Female",24,0,0,"11767",83.1583,"C54","Cherbourg","7","Yes"
"First","Male",55,1,1,"12749",93.5,"B69","Southampton",,"No"
"First","Female",52,1,1,"12749",93.5,"B69","Southampton","3","Yes"
"First","Male",42,0,0,"113038",42.5,"B11","Southampton",,"No"
"First","Male",,0,0,"17463",51.8625,"E46","Southampton",,"No"
"First","Male",55,0,0,"680",50,"C39","Southampton",,"No"
"First","Female",16,0,1,"111361",57.9792,"B18","Cherbourg","4","Yes"
"First","Female",44,0,1,"111361",57.9792,"B18","Cherbourg","4","Yes"
"First","Female",51,1,0,"13502",77.9583,"D11","Southampton","10","Yes"
"First","Male",42,1,0,"113789",52,,"Southampton",,"No"
"First","Female",35,1,0,"113789",52,,"Southampton","8","Yes"
"First","Male",35,0,0,"111426",26.55,,"Cherbourg","15","Yes"
"First","Male",38,1,0,"19943",90,"C93","Southampton","D","Yes"
"First","Male",,0,0,"PC 17600",30.6958,,"Cherbourg","14","No"
"First","Female",35,1,0,"19943",90,"C93","Southampton","D","Yes"
"First","Female",38,0,0,"113572",80,"B28",,"6","Yes"
"First","Female",50,0,0,"PC 17595",28.7125,"C49","Cherbourg",,"No"
"First","Male",49,0,0,"112058",0,"B52 B54 B56","Southampton","C","Yes"
"First","Male",46,0,0,"694",26,,"Southampton",,"No"
"First","Male",50,0,0,"113044",26,"E60","Southampton",,"No"
"First","Male",32.5,0,0,"113503",211.5,"C132","Cherbourg",,"No"
"First","Male",58,0,0,"11771",29.7,"B37","Cherbourg",,"No"
"First","Male",41,1,0,"17464",51.8625,"D21","Southampton",,"No"
"First","Female",,1,0,"17464",51.8625,"D21","Southampton","8","Yes"
"First","Male",42,1,0,"11753",52.5542,"D19","Southampton","5","Yes"
"First","Female",45,1,0,"11753",52.5542,"D19","Southampton","5","Yes"
"First","Male",,0,0,"113028",26.55,"C124","Southampton",,"No"
"First","Female",39,0,0,"24160",211.3375,,"Southampton","2","Yes"
"First","Female",49,0,0,"17465",25.9292,"D17","Southampton","8","Yes"
"First","Female",30,0,0,"PC 17761",106425,,"Cherbourg","2","Yes"
"First","Male",35,0,0,"PC 17755",512.3292,"B101","Cherbourg","3","Yes"
"First","Male",,0,0,"PC 17612",27.7208,,"Cherbourg",,"No"
"First","Male",42,0,0,"17475",26.55,,"Southampton",,"No"
"First","Female",55,0,0,"112377",27.7208,,"Cherbourg","6","Yes"
"First","Female",16,0,1,"PC 17592",39.4,"D28","Southampton","9","Yes"
"First","Female",51,0,1,"PC 17592",39.4,"D28","Southampton","9","Yes"
"First","Male",29,0,0,"113501",30,"D6","Southampton",,"No"
"First","Female",21,0,0,"13502",77.9583,"D9","Southampton","10","Yes"
"First","Male",30,0,0,"113801",45.5,,"Southampton",,"No"
"First","Female",58,0,0,"PC 17569",146.5208,"B80","Cherbourg",,"Yes"
"First","Female",15,0,1,"24160",211.3375,"B5","Southampton","2","Yes"
"First","Male",30,0,0,"110469",26,"C106","Southampton",,"No"
"First","Female",16,0,0,"110152",86.5,"B79","Southampton","8","Yes"
"First","Male",,0,0,"11774",29.7,"C47","Cherbourg","7","Yes"
"First","Male",19,1,0,"113773",53.1,"D30","Southampton",,"No"
"First","Female",18,1,0,"113773",53.1,"D30","Southampton","10","Yes"
"First","Female",24,0,0,"PC 17482",49.5042,"C90","Cherbourg","6","Yes"
"First","Male",46,0,0,"13050",75.2417,"C6","Cherbourg",,"No"
"First","Male",54,0,0,"17463",51.8625,"E46","Southampton",,"No"
"First","Male",36,0,0,"PC 17473",26.2875,"E25","Southampton","7","Yes"
"First","Male",28,1,0,"PC 17604",82.1708,,"Cherbourg",,"No"
"First","Female",,1,0,"PC 17604",82.1708,,"Cherbourg","6","Yes"
"First","Male",65,0,0,"13509",26.55,"E38","Southampton",,"No"
"First","Male",44,2,0,"19928",90,"C78","Queenstown",,"No"
"First","Female",33,1,0,"19928",90,"C78","Queenstown","14","Yes"
"First","Female",37,1,0,"19928",90,"C78","Queenstown","14","Yes"
"First","Male",30,1,0,"13236",57.75,"C78","Cherbourg","11","Yes"
"First","Male",55,0,0,"113787",30.5,"C30","Southampton",,"No"
"First","Male",47,0,0,"113796",42.4,,"Southampton",,"No"
"First","Male",37,0,1,"PC 17596",29.7,"C118","Cherbourg",,"No"
"First","Female",31,1,0,"35273",113275,"D36","Cherbourg","6","Yes"
"First","Female",23,1,0,"35273",113275,"D36","Cherbourg","6","Yes"
"First","Male",58,0,2,"35273",113275,"D48","Cherbourg",,"No"
"First","Female",19,0,2,"11752",26.2833,"D47","Southampton","5","Yes"
"First","Male",64,0,0,"693",26,,"Southampton",,"No"
"First","Female",39,0,0,"PC 17758",108.9,"C105","Cherbourg","8","Yes"
"First","Male",,0,0,"F.C. 12998",25.7417,,"Cherbourg","7","Yes"
"First","Female",22,0,1,"113509",61.9792,"B36","Cherbourg","5","Yes"
"First","Male",65,0,1,"113509",61.9792,"B30","Cherbourg",,"No"
"First","Male",28.5,0,0,"PC 17562",27.7208,"D43","Cherbourg",,"No"
"First","Male",,0,0,"112052",0,,"Southampton",,"No"
"First","Male",45.5,0,0,"113043",28.5,"C124","Southampton",,"No"
"First","Male",23,0,0,"12749",93.5,"B24","Southampton",,"No"
"First","Male",29,1,0,"113776",66.6,"C2","Southampton",,"No"
"First","Female",22,1,0,"113776",66.6,"C2","Southampton","8","Yes"
"First","Male",18,1,0,"PC 17758",108.9,"C65","Cherbourg",,"No"
"First","Female",17,1,0,"PC 17758",108.9,"C65","Cherbourg","8","Yes"
"First","Female",30,0,0,"12749",93.5,"B73","Southampton","3","Yes"
"First","Male",52,0,0,"113786",30.5,"C104","Southampton","6","Yes"
"First","Male",47,0,0,"110465",52,"C110","Southampton",,"No"
"First","Female",56,0,1,"11767",83.1583,"C50","Cherbourg","7","Yes"
"First","Male",38,0,0,"19972",0,,"Southampton",,"No"
"First","Male",,0,0,"PC 17607",39.6,,"Southampton","A","Yes"
"First","Male",22,0,0,"PC 17760",135.6333,,"Cherbourg",,"No"
"First","Male",,0,0,"PC 17757",227525,,"Cherbourg",,"No"
"First","Female",43,0,1,"24160",211.3375,"B3","Southampton","2","Yes"
"First","Male",31,0,0,"PC 17590",50.4958,"A24","Southampton",,"No"
"First","Male",45,0,0,"111428",26.55,,"Southampton","9","Yes"
"First","Male",,0,0,"113767",50,"A32","Southampton",,"No"
"First","Female",33,0,0,"PC 17613",27.7208,"A11","Cherbourg","11","Yes"
"First","Male",46,0,0,"PC 17585",79.2,,"Cherbourg",,"No"
"First","Male",36,0,0,"13049",40125,"A10","Cherbourg",,"No"
"First","Female",33,0,0,"110152",86.5,"B77","Southampton","8","Yes"
"First","Male",55,1,0,"PC 17603",59.4,,"Cherbourg",,"No"
"First","Female",54,1,0,"PC 17603",59.4,,"Cherbourg","6","Yes"
"First","Male",33,0,0,"113790",26.55,,"Southampton",,"No"
"First","Male",13,2,2,"PC 17608",262375,"B57 B59 B63 B66","Cherbourg","4","Yes"
"First","Female",18,2,2,"PC 17608",262375,"B57 B59 B63 B66","Cherbourg","4","Yes"
"First","Female",21,2,2,"PC 17608",262375,"B57 B59 B63 B66","Cherbourg","4","Yes"
"First","Male",61,1,3,"PC 17608",262375,"B57 B59 B63 B66","Cherbourg",,"No"
"First","Female",48,1,3,"PC 17608",262375,"B57 B59 B63 B66","Cherbourg","4","Yes"
"First","Male",,0,0,"19988",30.5,"C106","Southampton","3","Yes"
"First","Female",24,0,0,"PC 17477",69.3,"B35","Cherbourg","9","Yes"
"First","Male",,0,0,"111163",26,,"Southampton","1","Yes"
"First","Female",35,1,0,"13236",57.75,"C28","Cherbourg","11","Yes"
"First","Female",30,0,0,"113798",31,,"Cherbourg","4","Yes"
"First","Male",34,0,0,"113794",26.55,,"Southampton","7","Yes"
"First","Female",40,0,0,"PC 17582",153.4625,"C125","Southampton","3","Yes"
"First","Male",35,0,0,"PC 17475",26.2875,"E24","Southampton","5","Yes"
"First","Male",50,1,0,"13507",55.9,"E44","Southampton",,"No"
"First","Female",39,1,0,"13507",55.9,"E44","Southampton","11","Yes"
"First","Male",56,0,0,"13213",35.5,"A26","Cherbourg","3","Yes"
"First","Male",28,0,0,"113788",35.5,"A6","Southampton","7","Yes"
"First","Male",56,0,0,"113792",26.55,,"Southampton",,"No"
"First","Male",56,0,0,"17764",30.6958,"A7","Cherbourg",,"No"
"First","Male",24,1,0,"13695",60,"C31","Southampton",,"No"
"First","Male",,0,0,"113056",26,"A19","Southampton",,"No"
"First","Female",18,1,0,"13695",60,"C31","Southampton","6","Yes"
"First","Male",24,1,0,"21228",82.2667,"B45","Southampton","7","Yes"
"First","Female",23,1,0,"21228",82.2667,"B45","Southampton","7","Yes"
"First","Male",6,0,2,"16966",134.5,"E34","Cherbourg","3","Yes"
"First","Male",45,1,1,"16966",134.5,"E34","Cherbourg","3","Yes"
"First","Female",40,1,1,"16966",134.5,"E34","Cherbourg","3","Yes"
"First","Male",57,1,0,"PC 17569",146.5208,"B78","Cherbourg",,"No"
"First","Female",,1,0,"PC 17569",146.5208,"B78","Cherbourg","6","Yes"
"First","Male",32,0,0,"13214",30.5,"B50","Cherbourg","3","Yes"
"First","Male",62,0,0,"113514",26.55,"C87","Southampton",,"No"
"First","Male",54,1,0,"11778",55.4417,"C116","Cherbourg","1","Yes"
"First","Female",43,1,0,"11778",55.4417,"C116","Cherbourg","5","Yes"
"First","Female",52,1,0,"36947",78.2667,"D20","Cherbourg","4","Yes"
"First","Male",,0,0,"PC 17605",27.7208,,"Cherbourg",,"No"
"First","Female",62,0,0,"113572",80,"B28",,"6","Yes"
"First","Male",67,1,0,"PC 17483",221.7792,"C55 C57","Southampton",,"No"
"First","Female",63,1,0,"PC 17483",221.7792,"C55 C57","Southampton",,"No"
"First","Male",61,0,0,"36963",32.3208,"D50","Southampton",,"No"
"First","Female",48,0,0,"17466",25.9292,"D17","Southampton","8","Yes"
"First","Female",18,0,2,"110413",79.65,"E68","Southampton","8","Yes"
"First","Male",52,1,1,"110413",79.65,"E67","Southampton",,"No"
"First","Female",39,1,1,"110413",79.65,"E67","Southampton","8","Yes"
"First","Male",48,1,0,"19996",52,"C126","Southampton","5 7","Yes"
"First","Female",,1,0,"19996",52,"C126","Southampton","5 7","Yes"
"First","Male",49,1,1,"17421",110.8833,"C68","Cherbourg",,"No"
"First","Male",17,0,2,"17421",110.8833,"C70","Cherbourg","B","Yes"
"First","Female",39,1,1,"17421",110.8833,"C68","Cherbourg","4","Yes"
"First","Female",,0,0,"PC 17585",79.2,,"Cherbourg","D","Yes"
"First","Male",31,0,0,"2543",28.5375,"C53","Cherbourg","7","Yes"
"First","Male",40,0,0,"PC 17601",27.7208,,"Cherbourg",,"No"
"First","Male",61,0,0,"111240",33.5,"B19","Southampton",,"No"
"First","Male",47,0,0,"36967",34.0208,"D46","Southampton",,"No"
"First","Female",35,0,0,"PC 17755",512.3292,,"Cherbourg","3","Yes"
"First","Male",64,1,0,"110813",75.25,"D37","Cherbourg",,"No"
"First","Female",60,1,0,"110813",75.25,"D37","Cherbourg","5","Yes"
"First","Male",60,0,0,"113800",26.55,,"Southampton",,"No"
"First","Male",54,0,1,"35281",77.2875,"D26","Southampton",,"No"
"First","Male",21,0,1,"35281",77.2875,"D26","Southampton",,"No"
"First","Female",55,0,0,"PC 17760",135.6333,"C32","Cherbourg","8","Yes"
"First","Female",31,0,2,"36928",164.8667,"C7","Southampton","8","Yes"
"First","Male",57,1,1,"36928",164.8667,,"Southampton",,"No"
"First","Female",45,1,1,"36928",164.8667,,"Southampton","8","Yes"
"First","Male",50,1,1,"113503",211.5,"C80","Cherbourg",,"No"
"First","Male",27,0,2,"113503",211.5,"C82","Cherbourg",,"No"
"First","Female",50,1,1,"113503",211.5,"C80","Cherbourg","4","Yes"
"First","Female",21,0,0,"113795",26.55,,"Southampton","8 10","Yes"
"First","Male",51,0,1,"PC 17597",61.3792,,"Cherbourg",,"No"
"First","Male",21,0,1,"PC 17597",61.3792,,"Cherbourg","A","Yes"
"First","Male",,0,0,"113510",35,"C128","Southampton",,"No"
"First","Female",31,0,0,"16966",134.5,"E39 E41","Cherbourg","3","Yes"
"First","Male",,0,0,"19947",35.5,"C52","Southampton","D","Yes"
"First","Male",62,0,0,"113807",26.55,,"Southampton",,"No"
"First","Female",36,0,0,"PC 17760",135.6333,"C32","Cherbourg","8","Yes"
"Second","Male",30,1,0,"P/PP 3381",24,,"Cherbourg",,"No"
"Second","Female",28,1,0,"P/PP 3381",24,,"Cherbourg","10","Yes"
"Second","Male",30,0,0,"248744",13,,"Southampton",,"No"
"Second","Male",18,0,0,"231945",11.5,,"Southampton",,"No"
"Second","Male",25,0,0,"C.A. 34050",10.5,,"Southampton",,"No"
"Second","Male",34,1,0,"226875",26,,"Southampton",,"No"
"Second","Female",36,1,0,"226875",26,,"Southampton","11","Yes"
"Second","Male",57,0,0,"244346",13,,"Southampton",,"No"
"Second","Male",18,0,0,"29108",11.5,,"Southampton",,"No"
"Second","Male",23,0,0,"C.A. 31030",10.5,,"Southampton",,"No"
"Second","Female",36,0,0,"28551",13,"D","Southampton","10","Yes"
"Second","Male",28,0,0,"C.A./SOTON 34068",10.5,,"Southampton",,"No"
"Second","Male",51,0,0,"S.O.P. 1166",12525,,"Southampton",,"No"
"Second","Male",32,1,0,"2908",26,,"Southampton","13","Yes"
"Second","Female",19,1,0,"2908",26,,"Southampton","13","Yes"
"Second","Male",28,0,0,"244358",26,,"Southampton",,"No"
"Second","Male",1,2,1,"230136",39,"F4","Southampton","11","Yes"
"Second","Female",4,2,1,"230136",39,"F4","Southampton","11","Yes"
"Second","Female",12,2,1,"230136",39,"F4","Southampton","13","Yes"
"Second","Female",36,0,3,"230136",39,"F4","Southampton","11","Yes"
"Second","Male",34,0,0,"248698",13,"D56","Southampton","13","Yes"
"Second","Female",19,0,0,"28404",13,,"Southampton","12","Yes"
"Second","Male",23,0,0,"28425",13,,"Southampton",,"No"
"Second","Male",26,0,0,"237670",13,,"Southampton",,"No"
"Second","Male",42,0,0,"211535",13,,"Southampton",,"No"
"Second","Male",27,0,0,"220367",13,,"Southampton",,"No"
"Second","Female",24,0,0,"248733",13,"F33","Southampton","11","Yes"
"Second","Female",15,0,2,"29750",39,,"Southampton","14","Yes"
"Second","Male",60,1,1,"29750",39,,"Southampton",,"No"
"Second","Female",40,1,1,"29750",39,,"Southampton","14","Yes"
"Second","Female",20,1,0,"236853",26,,"Southampton","12","Yes"
"Second","Male",25,1,0,"236853",26,,"Southampton",,"No"
"Second","Female",36,0,0,"27849",13,,"Southampton","9","Yes"
"Second","Male",25,0,0,"234686",13,,"Southampton",,"No"
"Second","Male",42,0,0,"244310",13,,"Southampton",,"No"
"Second","Female",42,0,0,"236852",13,,"Southampton",,"Yes"
"Second","Male",0.8333,0,2,"248738",29,,"Southampton","13","Yes"
"Second","Male",26,1,1,"248738",29,,"Southampton","13","Yes"
"Second","Female",22,1,1,"248738",29,,"Southampton","13","Yes"
"Second","Female",35,0,0,"F.C.C. 13528",21,,"Southampton","14","Yes"
"Second","Male",,0,0,"239853",0,,"Southampton",,"No"
"Second","Male",19,0,0,"28424",13,,"Southampton",,"No"
"Second","Female",44,1,0,"244252",26,,"Southampton",,"No"
"Second","Male",54,1,0,"244252",26,,"Southampton",,"No"
"Second","Male",52,0,0,"248731",13.5,,"Southampton",,"No"
"Second","Male",37,1,0,"SC/AH 29037",26,,"Southampton",,"No"
"Second","Female",29,1,0,"SC/AH 29037",26,,"Southampton",,"No"
"Second","Female",25,1,1,"237789",30,,"Southampton","12","Yes"
"Second","Female",45,0,2,"237789",30,,"Southampton","12","Yes"
"Second","Male",29,1,0,"2003",26,,"Southampton",,"No"
"Second","Female",28,1,0,"2003",26,,"Southampton","14","Yes"
"Second","Male",29,0,0,"W./C. 14263",10.5,,"Southampton",,"No"
"Second","Male",28,0,0,"248740",13,,"Southampton",,"No"
"Second","Male",24,0,0,"28034",10.5,,"Southampton","9","Yes"
"Second","Female",8,0,2,"C.A. 31921",26.25,,"Southampton","14","Yes"
"Second","Male",31,1,1,"C.A. 31921",26.25,,"Southampton",,"No"
"Second","Female",31,1,1,"C.A. 31921",26.25,,"Southampton","14","Yes"
"Second","Female",22,0,0,"W./C. 14266",10.5,"F33","Southampton","14","Yes"
"Second","Female",30,0,0,"237249",13,,"Southampton",,"No"
"Second","Female",,0,0,"F.C.C. 13534",21,,"Southampton",,"No"
"Second","Male",21,0,0,"29107",11.5,,"Southampton",,"No"
"Second","Male",,0,0,"239853",0,,"Southampton",,"No"
"Second","Male",8,1,1,"C.A. 33112",36.75,,"Southampton","14","Yes"
"Second","Male",18,0,0,"S.O.C. 14879",73.5,,"Southampton",,"No"
"Second","Female",48,0,2,"C.A. 33112",36.75,,"Southampton","14","Yes"
"Second","Female",28,0,0,"237668",13,,"Southampton","13","Yes"
"Second","Male",32,0,0,"244360",13,,"Southampton",,"No"
"Second","Male",17,0,0,"S.O.C. 14879",73.5,,"Southampton",,"No"
"Second","Male",29,1,0,"SC/PARIS 2167",27.7208,,"Cherbourg",,"No"
"Second","Female",24,1,0,"SC/PARIS 2167",27.7208,,"Cherbourg","12","Yes"
"Second","Male",25,0,0,"C.A. 31029",31.5,,"Southampton",,"No"
"Second","Male",18,0,0,"S.O.C. 14879",73.5,,"Southampton",,"No"
"Second","Female",18,0,1,"231919",23,,"Southampton",,"Yes"
"Second","Female",34,0,1,"231919",23,,"Southampton",,"Yes"
"Second","Male",54,0,0,"28403",26,,"Southampton",,"No"
"Second","Male",8,0,2,"28220",32.5,,"Southampton","10","Yes"
"Second","Male",42,1,1,"28220",32.5,,"Southampton",,"No"
"Second","Female",34,1,1,"28220",32.5,,"Southampton","10","Yes"
"Second","Female",27,1,0,"SC/PARIS 2149",13.8583,,"Cherbourg","12","Yes"
"Second","Female",30,1,0,"SC/PARIS 2148",13.8583,,"Cherbourg","12","Yes"
"Second","Male",23,0,0,"29751",13,,"Southampton",,"No"
"Second","Male",21,0,0,"236854",13,,"Southampton",,"No"
"Second","Male",18,0,0,"236171",13,,"Southampton",,"No"
"Second","Male",40,1,0,"2926",26,,"Southampton",,"No"
"Second","Female",29,1,0,"2926",26,,"Southampton","16","Yes"
"Second","Male",18,0,0,"C.A. 15185",10.5,,"Southampton",,"No"
"Second","Male",36,0,0,"229236",13,,"Southampton",,"No"
"Second","Male",,0,0,"239854",0,,"Southampton",,"No"
"Second","Female",38,0,0,"237671",13,,"Southampton",,"No"
"Second","Male",35,0,0,"239865",26,,"Southampton",,"No"
"Second","Male",38,1,0,"28664",21,,"Southampton",,"No"
"Second","Male",34,1,0,"28664",21,,"Southampton",,"No"
"Second","Female",34,0,0,"243880",13,,"Southampton","12","Yes"
"Second","Male",16,0,0,"239865",26,,"Southampton",,"No"
"Second","Male",26,0,0,"31028",10.5,,"Southampton",,"No"
"Second","Male",47,0,0,"C.A. 30769",10.5,,"Southampton",,"No"
"Second","Male",21,1,0,"28133",11.5,,"Southampton",,"No"
"Second","Male",21,1,0,"28134",11.5,,"Southampton",,"No"
"Second","Male",24,0,0,"248726",13.5,,"Southampton",,"No"
"Second","Male",24,0,0,"233866",13,,"Southampton",,"No"
"Second","Male",34,0,0,"12233",13,,"Southampton",,"No"
"Second","Male",30,0,0,"250646",13,,"Southampton",,"No"
"Second","Male",52,0,0,"250647",13,,"Southampton",,"No"
"Second","Male",30,0,0,"250653",13,,"Southampton",,"No"
"Second","Male",0.6667,1,1,"250649",14.5,,"Southampton","4","Yes"
"Second","Female",24,0,2,"250649",14.5,,"Southampton","4","Yes"
"Second","Male",44,0,0,"248746",13,,"Southampton",,"No"
"Second","Female",6,0,1,"248727",33,,"Southampton","11","Yes"
"Second","Male",28,0,1,"248727",33,,"Southampton",,"No"
"Second","Male",62,0,0,"S.W./PP 752",10.5,,"Southampton","15","Yes"
"Second","Male",30,0,0,"W/C 14208",10.5,,"Southampton",,"No"
"Second","Female",7,0,2,"F.C.C. 13529",26.25,,"Southampton","14","Yes"
"Second","Male",43,1,1,"F.C.C. 13529",26.25,,"Southampton",,"No"
"Second","Female",45,1,1,"F.C.C. 13529",26.25,,"Southampton","14","Yes"
"Second","Female",24,1,2,"220845",65,,"Southampton","9","Yes"
"Second","Female",24,1,2,"220845",65,,"Southampton","9","Yes"
"Second","Male",49,1,2,"220845",65,,"Southampton",,"No"
"Second","Female",48,1,2,"220845",65,,"Southampton","9","Yes"
"Second","Female",55,0,0,"248706",16,,"Southampton","13","Yes"
"Second","Male",24,2,0,"S.O.C. 14879",73.5,,"Southampton",,"No"
"Second","Male",32,2,0,"S.O.C. 14879",73.5,,"Southampton",,"No"
"Second","Male",21,2,0,"S.O.C. 14879",73.5,,"Southampton",,"No"
"Second","Female",18,1,1,"250650",13,,"Southampton",,"No"
"Second","Female",20,2,1,"29105",23,,"Southampton","4","Yes"
"Second","Male",23,2,1,"29104",11.5,,"Southampton",,"No"
"Second","Male",36,0,0,"242963",13,,"Southampton",,"No"
"Second","Female",54,1,3,"29105",23,,"Southampton","4","Yes"
"Second","Male",50,0,0,"250643",13,,"Southampton",,"No"
"Second","Male",44,1,0,"26707",26,,"Southampton",,"No"
"Second","Female",29,1,0,"26707",26,,"Southampton","10","Yes"
"Second","Male",21,0,0,"S.O.C. 14879",73.5,,"Southampton",,"No"
"Second","Male",42,0,0,"237798",13,,"Southampton","10","Yes"
"Second","Male",63,1,0,"24065",26,,"Southampton",,"No"
"Second","Female",60,1,0,"24065",26,,"Southampton",,"No"
"Second","Male",33,0,0,"SCO/W 1585",12275,,"Southampton",,"No"
"Second","Female",17,0,0,"SO/C 14885",10.5,,"Southampton",,"Yes"
"Second","Male",42,1,0,"243847",27,,"Southampton",,"No"
"Second","Female",24,2,1,"243847",27,,"Southampton","12","Yes"
"Second","Male",47,0,0,"237565",15,,"Southampton",,"No"
"Second","Male",24,2,0,"C.A. 31029",31.5,,"Southampton",,"No"
"Second","Male",22,2,0,"C.A. 31029",31.5,,"Southampton",,"No"
"Second","Male",32,0,0,"C.A. 33111",10.5,,"Southampton",,"No"
"Second","Female",23,0,0,"SC/AH Basle 541",13.7917,"D","Cherbourg","11","Yes"
"Second","Male",34,1,0,"244367",26,,"Southampton",,"No"
"Second","Female",24,1,0,"244367",26,,"Southampton","12","Yes"
"Second","Female",22,0,0,"F.C.C. 13534",21,,"Southampton",,"No"
"Second","Female",,0,0,"226593",12.35,"E101","Queenstown","10","Yes"
"Second","Male",35,0,0,"233734",12.35,,"Queenstown",,"No"
"Second","Female",45,0,0,"223596",13.5,,"Southampton","9","Yes"
"Second","Male",57,0,0,"219533",12.35,,"Queenstown",,"No"
"Second","Male",,0,0,"239855",0,,"Southampton",,"No"
"Second","Male",31,0,0,"C.A. 18723",10.5,,"Southampton",,"No"
"Second","Female",26,1,1,"250651",26,,"Southampton",,"No"
"Second","Male",30,1,1,"250651",26,,"Southampton",,"No"
"Second","Male",,0,0,"240261",10.7083,,"Queenstown",,"No"
"Second","Female",1,1,2,"SC/Paris 2123",41.5792,,"Cherbourg","14","Yes"
"Second","Female",3,1,2,"SC/Paris 2123",41.5792,,"Cherbourg","14","Yes"
"Second","Male",25,1,2,"SC/Paris 2123",41.5792,,"Cherbourg",,"No"
"Second","Female",22,1,2,"SC/Paris 2123",41.5792,,"Cherbourg","14","Yes"
"Second","Female",17,0,0,"SC 1748",12,,"Cherbourg","12","Yes"
"Second","Female",,0,0,"248727",33,,"Southampton","11","Yes"
"Second","Female",34,0,0,"C.A. 34260",10.5,"F33","Southampton","14","Yes"
"Second","Male",36,0,0,"SC/Paris 2163",12875,"D","Cherbourg",,"No"
"Second","Male",24,0,0,"C.A. 29566",10.5,,"Southampton",,"No"
"Second","Male",61,0,0,"235509",12.35,,"Queenstown",,"No"
"Second","Male",50,1,0,"SC/AH 3085",26,,"Southampton",,"No"
"Second","Female",42,1,0,"SC/AH 3085",26,,"Southampton",,"Yes"
"Second","Female",57,0,0,"S.O./P.P. 3",10.5,"E77","Southampton",,"No"
"Second","Male",,0,0,"237735",15.0458,"D","Cherbourg",,"No"
"Second","Male",1,0,2,"S.C./PARIS 2079",37.0042,,"Cherbourg","10","Yes"
"Second","Male",31,1,1,"S.C./PARIS 2079",37.0042,,"Cherbourg",,"No"
"Second","Female",24,1,1,"S.C./PARIS 2079",37.0042,,"Cherbourg","10","Yes"
"Second","Male",,0,0,"SC/A.3 2861",15.5792,,"Cherbourg",,"No"
"Second","Male",30,0,0,"28228",13,,"Southampton",,"No"
"Second","Male",40,0,0,"239059",16,,"Southampton",,"No"
"Second","Male",32,0,0,"237216",13.5,,"Southampton",,"No"
"Second","Male",30,0,0,"233478",13,,"Southampton",,"No"
"Second","Male",46,0,0,"28403",26,,"Southampton",,"No"
"Second","Female",13,0,1,"250644",19.5,,"Southampton","14","Yes"
"Second","Female",41,0,1,"250644",19.5,,"Southampton","14","Yes"
"Second","Male",19,0,0,"SW/PP 751",10.5,,"Southampton","B","Yes"
"Second","Male",39,0,0,"248723",13,,"Southampton",,"No"
"Second","Male",48,0,0,"234360",13,,"Southampton",,"No"
"Second","Male",70,0,0,"C.A. 24580",10.5,,"Southampton",,"No"
"Second","Male",27,0,0,"211536",13,,"Southampton",,"No"
"Second","Male",54,0,0,"29011",14,,"Southampton",,"No"
"Second","Male",39,0,0,"250655",26,,"Southampton",,"No"
"Second","Male",16,0,0,"S.O./P.P. 3",10.5,,"Southampton",,"No"
"Second","Male",62,0,0,"240276",9.6875,,"Queenstown",,"No"
"Second","Male",32.5,1,0,"237736",30.0708,,"Cherbourg",,"No"
"Second","Female",14,1,0,"237736",30.0708,,"Cherbourg",,"Yes"
"Second","Male",2,1,1,"230080",26,"F2","Southampton","D","Yes"
"Second","Male",3,1,1,"230080",26,"F2","Southampton","D","Yes"
"Second","Male",36.5,0,2,"230080",26,"F2","Southampton",,"No"
"Second","Male",26,0,0,"244368",13,"F2","Southampton",,"No"
"Second","Male",19,1,1,"C.A. 33112",36.75,,"Southampton",,"No"
"Second","Male",28,0,0,"218629",13.5,,"Southampton",,"No"
"Second","Male",20,0,0,"SC/PARIS 2166",13.8625,"D38","Cherbourg","7","Yes"
"Second","Female",29,0,0,"C.A. 29395",10.5,"F33","Southampton","11","Yes"
"Second","Male",39,0,0,"28213",13,,"Southampton",,"No"
"Second","Male",22,0,0,"W./C. 14260",10.5,,"Southampton","13","Yes"
"Second","Male",,0,0,"SC/PARIS 2146",13.8625,,"Cherbourg","9","Yes"
"Second","Male",23,0,0,"244278",10.5,,"Southampton",,"No"
"Second","Male",29,0,0,"SC/PARIS 2147",13.8583,,"Cherbourg","9","Yes"
"Second","Male",28,0,0,"SC 14888",10.5,,"Southampton",,"No"
"Second","Male",,0,0,"239853",0,,"Southampton",,"No"
"Second","Female",50,0,1,"230433",26,,"Southampton","12","Yes"
"Second","Male",19,0,0,"28665",10.5,,"Southampton",,"No"
"Second","Male",,0,0,"SC/PARIS 2131",15.05,,"Cherbourg",,"No"
"Second","Male",41,0,0,"237393",13,,"Southampton",,"No"
"Second","Female",21,0,1,"S.O./P.P. 2",21,,"Southampton","12","Yes"
"Second","Female",19,0,0,"250655",26,,"Southampton","11","Yes"
"Second","Male",43,0,1,"S.O./P.P. 2",21,,"Southampton",,"No"
"Second","Female",32,0,0,"234604",13,,"Southampton","9","Yes"
"Second","Male",34,0,0,"250647",13,,"Southampton",,"No"
"Second","Male",30,0,0,"C.A. 34644",12.7375,,"Cherbourg","14","Yes"
"Second","Male",27,0,0,"SC/PARIS 2168",15.0333,,"Cherbourg",,"No"
"Second","Female",2,1,1,"26360",26,,"Southampton","11","Yes"
"Second","Female",8,1,1,"26360",26,,"Southampton","11","Yes"
"Second","Female",33,0,2,"26360",26,,"Southampton","11","Yes"
"Second","Male",36,0,0,"C.A. 17248",10.5,,"Southampton",,"No"
"Second","Male",34,1,0,"31027",21,,"Southampton","12","No"
"Second","Female",30,3,0,"31027",21,,"Southampton",,"Yes"
"Second","Female",28,0,0,"230434",13,,"Southampton","9","Yes"
"Second","Male",23,0,0,"SC/PARIS 2133",15.0458,,"Cherbourg",,"No"
"Second","Male",0.8333,1,1,"29106",18.75,,"Southampton","4","Yes"
"Second","Male",3,1,1,"29106",18.75,,"Southampton","4","Yes"
"Second","Female",24,2,3,"29106",18.75,,"Southampton","4","Yes"
"Second","Female",50,0,0,"W./C. 14258",10.5,,"Southampton","13","Yes"
"Second","Male",19,0,0,"28004",10.5,,"Southampton",,"No"
"Second","Female",21,0,0,"C.A. 31026",10.5,,"Southampton","12","Yes"
"Second","Male",26,0,0,"248659",13,,"Southampton",,"No"
"Second","Male",25,0,0,"244361",13,,"Southampton",,"No"
"Second","Male",27,0,0,"244358",26,,"Southampton",,"No"
"Second","Female",25,0,1,"230433",26,,"Southampton","12","Yes"
"Second","Female",18,0,2,"250652",13,,"Southampton","16","Yes"
"Second","Female",20,0,0,"C.A. 33112",36.75,,"Southampton","11","Yes"
"Second","Female",30,0,0,"250648",13,,"Southampton","10","Yes"
"Second","Male",59,0,0,"237442",13.5,,"Southampton",,"No"
"Second","Female",30,0,0,"234818",12.35,,"Queenstown","13","Yes"
"Second","Male",35,0,0,"28206",10.5,,"Southampton",,"No"
"Second","Female",40,0,0,"31418",13,,"Southampton","9","Yes"
"Second","Male",25,0,0,"C.A. 29178",13,,"Southampton",,"No"
"Second","Male",41,0,0,"237734",15.0458,,"Cherbourg",,"No"
"Second","Male",25,0,0,"F.C.C. 13540",10.5,,"Southampton",,"No"
"Second","Male",18.5,0,0,"248734",13,"F","Southampton",,"No"
"Second","Male",14,0,0,"220845",65,,"Southampton",,"No"
"Second","Female",50,0,0,"F.C.C. 13531",10.5,,"Southampton","9","Yes"
"Second","Male",23,0,0,"233639",13,,"Southampton",,"No"
"Second","Female",28,0,0,"240929",12.65,,"Southampton",,"Yes"
"Second","Female",27,0,0,"34218",10.5,"E101","Southampton","16","Yes"
"Second","Male",29,1,0,"11668",21,,"Southampton",,"No"
"Second","Female",27,1,0,"11668",21,,"Southampton",,"No"
"Second","Male",40,0,0,"28221",13,,"Southampton",,"No"
"Second","Female",31,0,0,"F.C.C. 13528",21,,"Southampton","14","Yes"
"Second","Male",30,1,0,"CA 31352",21,,"Southampton",,"No"
"Second","Male",23,1,0,"28666",10.5,,"Southampton",,"No"
"Second","Female",31,0,0,"CA 31352",21,,"Southampton","10","Yes"
"Second","Male",,0,0,"239856",0,,"Southampton",,"No"
"Second","Female",12,0,0,"C.A. 33595",15.75,,"Southampton","9","Yes"
"Second","Female",40,0,0,"C.A. 33595",15.75,,"Southampton","9","Yes"
"Second","Female",32.5,0,0,"27267",13,"E101","Southampton","12","Yes"
"Second","Male",27,1,0,"228414",26,,"Southampton",,"No"
"Second","Female",29,1,0,"228414",26,,"Southampton","10","Yes"
"Second","Male",2,1,1,"29103",23,,"Southampton","14","Yes"
"Second","Female",4,1,1,"29103",23,,"Southampton","14","Yes"
"Second","Female",29,0,2,"29103",23,,"Southampton","14","Yes"
"Second","Female",0.9167,1,2,"C.A. 34651",27.75,,"Southampton","10","Yes"
"Second","Female",5,1,2,"C.A. 34651",27.75,,"Southampton","10","Yes"
"Second","Male",36,1,2,"C.A. 34651",27.75,,"Southampton",,"No"
"Second","Female",33,1,2,"C.A. 34651",27.75,,"Southampton","10","Yes"
"Second","Male",66,0,0,"C.A. 24579",10.5,,"Southampton",,"No"
"Second","Male",,0,0,"SC/PARIS 2159",12875,,"Southampton",,"No"
"Second","Male",31,0,0,"244270",13,,"Southampton","9","Yes"
"Second","Male",,0,0,"244373",13,,"Southampton","14","Yes"
"Second","Female",26,0,0,"220844",13.5,,"Southampton","9","Yes"
"Second","Female",24,0,0,"248747",13,,"Southampton",,"No"
"Third","Male",42,0,0,"C.A. 5547",7.55,,"Southampton",,"No"
"Third","Male",13,0,2,"C.A. 2673",20.25,,"Southampton",,"No"
"Third","Male",16,1,1,"C.A. 2673",20.25,,"Southampton",,"No"
"Third","Female",35,1,1,"C.A. 2673",20.25,,"Southampton","A","Yes"
"Third","Female",16,0,0,"348125",7.65,,"Southampton","16","Yes"
"Third","Male",25,0,0,"348122",7.65,"F G63","Southampton","A","Yes"
"Third","Male",20,0,0,"SOTON/O2 3101284",7925,,"Southampton","15","Yes"
"Third","Female",18,0,0,"2657",7.2292,,"Cherbourg","C","Yes"
"Third","Male",30,0,0,"C 7076",7.25,,"Southampton",,"No"
"Third","Male",26,0,0,"341826",8.05,,"Southampton",,"No"
"Third","Female",40,1,0,"7546",9475,,"Southampton",,"No"
"Third","Male",0.8333,0,1,"392091",9.35,,"Southampton","11","Yes"
"Third","Female",18,0,1,"392091",9.35,,"Southampton","13","Yes"
"Third","Male",26,0,0,"2699",18.7875,,"Cherbourg","15","Yes"
"Third","Male",26,0,0,"3474",7.8875,,"Southampton",,"No"
"Third","Male",20,0,0,"SOTON/O2 3101287",7925,,"Southampton",,"No"
"Third","Male",24,0,0,"SOTON/O.Q. 3101311",7.05,,"Southampton",,"No"
"Third","Male",25,0,0,"SOTON/O.Q. 3101312",7.05,,"Southampton",,"No"
"Third","Male",35,0,0,"373450",8.05,,"Southampton",,"No"
"Third","Male",18,0,0,"2223",8.3,,"Southampton",,"No"
"Third","Male",32,0,0,"C 4001",22525,,"Southampton",,"No"
"Third","Female",19,1,0,"350046",7.8542,,"Southampton","16","Yes"
"Third","Male",4,4,2,"347082",31275,,"Southampton",,"No"
"Third","Female",6,4,2,"347082",31275,,"Southampton",,"No"
"Third","Female",2,4,2,"347082",31275,,"Southampton",,"No"
"Third","Female",17,4,2,"3101281",7925,,"Southampton","D","Yes"
"Third","Female",38,4,2,"347091",7775,,"Southampton",,"No"
"Third","Female",9,4,2,"347082",31275,,"Southampton",,"No"
"Third","Female",11,4,2,"347082",31275,,"Southampton",,"No"
"Third","Male",39,1,5,"347082",31275,,"Southampton",,"No"
"Third","Male",27,0,0,"350043",7.7958,,"Southampton","A","Yes"
"Third","Male",26,0,0,"347075",7775,,"Southampton",,"No"
"Third","Female",39,1,5,"347082",31275,,"Southampton",,"No"
"Third","Male",20,0,0,"347466",7.8542,,"Southampton",,"No"
"Third","Male",26,0,0,"349202",7.8958,,"Southampton",,"No"
"Third","Male",25,1,0,"349237",17.8,,"Southampton",,"No"
"Third","Female",18,1,0,"349237",17.8,,"Southampton",,"No"
"Third","Male",24,0,0,"349911",7775,,"Southampton",,"No"
"Third","Male",35,0,0,"SOTON/O.Q. 3101310",7.05,,"Southampton",,"No"
"Third","Male",5,4,2,"347077",31.3875,,"Southampton",,"No"
"Third","Male",9,4,2,"347077",31.3875,,"Southampton",,"No"
"Third","Male",3,4,2,"347077",31.3875,,"Southampton","15","Yes"
"Third","Male",13,4,2,"347077",31.3875,,"Southampton",,"No"
"Third","Female",5,4,2,"347077",31.3875,,"Southampton","15","Yes"
"Third","Male",40,1,5,"347077",31.3875,,"Southampton",,"No"
"Third","Male",23,0,0,"350054",7.7958,,"Southampton","13","Yes"
"Third","Female",38,1,5,"347077",31.3875,,"Southampton","15","Yes"
"Third","Female",45,0,0,"2696",7225,,"Cherbourg","C","Yes"
"Third","Male",21,0,0,"2692",7225,,"Cherbourg",,"No"
"Third","Male",23,0,0,"SOTON/O.Q. 3101309",7.05,,"Southampton",,"No"
"Third","Female",17,0,0,"2627",14.4583,,"Cherbourg",,"No"
"Third","Male",30,0,0,"2694",7225,,"Cherbourg",,"No"
"Third","Male",23,0,0,"347468",7.8542,,"Southampton",,"No"
"Third","Female",13,0,0,"2687",7.2292,,"Cherbourg","C","Yes"
"Third","Male",20,0,0,"2679",7225,,"Cherbourg",,"No"
"Third","Male",32,1,0,"3101278",15.85,,"Southampton","D","No"
"Third","Female",33,3,0,"3101278",15.85,,"Southampton",,"Yes"
"Third","Female",0.75,2,1,"2666",19.2583,,"Cherbourg","C","Yes"
"Third","Female",0.75,2,1,"2666",19.2583,,"Cherbourg","C","Yes"
"Third","Female",5,2,1,"2666",19.2583,,"Cherbourg","C","Yes"
"Third","Female",24,0,3,"2666",19.2583,,"Cherbourg","C","Yes"
"Third","Female",18,0,0,"A/4 31416",8.05,,"Southampton","C","Yes"
"Third","Male",40,0,0,"2623",7225,,"Cherbourg",,"No"
"Third","Male",26,0,0,"349248",7.8958,,"Southampton",,"No"
"Third","Male",20,0,0,"2663",7.2292,,"Cherbourg","15","Yes"
"Third","Female",18,0,1,"2691",14.4542,,"Cherbourg",,"No"
"Third","Female",45,0,1,"2691",14.4542,,"Cherbourg",,"No"
"Third","Female",27,0,0,"330844",7.8792,,"Queenstown",,"No"
"Third","Male",22,0,0,"324669",8.05,,"Southampton",,"No"
"Third","Male",19,0,0,"323951",8.05,,"Southampton",,"No"
"Third","Male",26,0,0,"347068",7775,,"Southampton",,"No"
"Third","Male",22,0,0,"PP 4348",9.35,,"Southampton",,"No"
"Third","Male",,0,0,"2622",7.2292,,"Cherbourg",,"No"
"Third","Male",20,0,0,"2648",4.0125,,"Cherbourg",,"No"
"Third","Male",32,0,0,"1601",56.4958,,"Southampton","C","Yes"
"Third","Male",21,0,0,"312992",7775,,"Southampton",,"No"
"Third","Male",18,0,0,"347090",7.75,,"Southampton",,"No"
"Third","Male",26,0,0,"349224",7.8958,,"Southampton",,"No"
"Third","Male",6,1,1,"2678",15.2458,,"Cherbourg",,"No"
"Third","Female",9,1,1,"2678",15.2458,,"Cherbourg",,"No"
"Third","Male",,0,0,"2664",7225,,"Cherbourg",,"No"
"Third","Female",,0,2,"2678",15.2458,,"Cherbourg",,"No"
"Third","Female",,0,2,"364848",7.75,,"Queenstown",,"No"
"Third","Male",40,1,1,"364849",15.5,,"Queenstown",,"No"
"Third","Female",32,1,1,"364849",15.5,,"Queenstown",,"No"
"Third","Male",21,0,0,"54636",16.1,,"Southampton",,"No"
"Third","Female",22,0,0,"334914",7725,,"Queenstown","13","Yes"
"Third","Female",20,0,0,"347471",7.8542,,"Southampton",,"No"
"Third","Male",29,1,0,"3460",7.0458,,"Southampton",,"No"
"Third","Male",22,1,0,"A/5 21171",7.25,,"Southampton",,"No"
"Third","Male",22,0,0,"350045",7.7958,,"Southampton",,"No"
"Third","Male",35,0,0,"364512",8.05,,"Southampton",,"No"
"Third","Female",18.5,0,0,"329944",7.2833,,"Queenstown",,"No"
"Third","Male",21,0,0,"330920",7.8208,,"Queenstown","13","Yes"
"Third","Male",19,0,0,"365222",6.75,,"Queenstown",,"No"
"Third","Female",18,0,0,"330963",7.8792,,"Queenstown",,"No"
"Third","Female",21,0,0,"315087",8.6625,,"Southampton",,"No"
"Third","Female",30,0,0,"315084",8.6625,,"Southampton",,"No"
"Third","Male",18,0,0,"315091",8.6625,,"Southampton",,"No"
"Third","Male",38,0,0,"315089",8.6625,,"Southampton",,"No"
"Third","Male",17,0,0,"315093",8.6625,,"Southampton",,"No"
"Third","Male",17,0,0,"315086",8.6625,,"Southampton",,"No"
"Third","Female",21,0,0,"364846",7.75,,"Queenstown",,"No"
"Third","Male",21,0,0,"364858",7.75,,"Queenstown",,"No"
"Third","Male",21,0,0,"A./5. 2152",8.05,,"Southampton",,"No"
"Third","Male",,1,0,"2689",14.4583,,"Cherbourg",,"No"
"Third","Female",,1,0,"2689",14.4583,,"Cherbourg",,"No"
"Third","Male",28,0,0,"350042",7.7958,,"Southampton",,"No"
"Third","Male",24,0,0,"350409",7.8542,,"Southampton",,"No"
"Third","Female",16,0,0,"367231",7.75,,"Queenstown","16","Yes"
"Third","Female",37,0,0,"368364",7.75,,"Queenstown",,"No"
"Third","Male",28,0,0,"392095",7.25,,"Southampton",,"No"
"Third","Male",24,0,0,"343275",8.05,,"Southampton",,"No"
"Third","Male",21,0,0,"A/5. 13032",7.7333,,"Queenstown",,"No"
"Third","Male",32,0,0,"1601",56.4958,,"Southampton","C","Yes"
"Third","Male",29,0,0,"343276",8.05,,"Southampton",,"No"
"Third","Male",26,1,0,"2680",14.4542,,"Cherbourg",,"No"
"Third","Male",18,1,0,"2680",14.4542,,"Cherbourg",,"No"
"Third","Male",20,0,0,"SOTON/O.Q. 3101307",7.05,,"Southampton",,"No"
"Third","Male",18,0,0,"A/5 3540",8.05,,"Southampton","12","Yes"
"Third","Male",24,0,0,"371109",7.25,,"Queenstown",,"No"
"Third","Male",36,0,0,"349210",7.4958,,"Southampton",,"No"
"Third","Male",24,0,0,"349209",7.4958,,"Southampton",,"No"
"Third","Male",31,0,0,"21332",7.7333,,"Queenstown",,"No"
"Third","Male",31,0,0,"335097",7.75,,"Queenstown",,"No"
"Third","Female",22,0,0,"370373",7.75,,"Queenstown","13","Yes"
"Third","Female",30,0,0,"330972",7.6292,,"Queenstown",,"No"
"Third","Male",70.5,0,0,"370369",7.75,,"Queenstown",,"No"
"Third","Male",43,0,0,"A/5 3536",8.05,,"Southampton",,"No"
"Third","Male",35,0,0,"349230",7.8958,,"Southampton",,"No"
"Third","Male",27,0,0,"349229",7.8958,,"Southampton",,"No"
"Third","Male",19,0,0,"349231",7.8958,,"Southampton",,"No"
"Third","Male",30,0,0,"SOTON/OQ 392090",8.05,,"Southampton",,"No"
"Third","Male",9,1,1,"C.A. 37671",15.9,,"Southampton","2","Yes"
"Third","Male",3,1,1,"C.A. 37671",15.9,,"Southampton","2","Yes"
"Third","Female",36,0,2,"C.A. 37671",15.9,,"Southampton","2","Yes"
"Third","Male",59,0,0,"364500",7.25,,"Southampton",,"No"
"Third","Male",19,0,0,"S.P. 3464",8.1583,,"Southampton",,"No"
"Third","Female",17,0,1,"371362",16.1,,"Southampton","12","Yes"
"Third","Male",44,0,1,"371362",16.1,,"Southampton",,"No"
"Third","Male",17,0,0,"315090",8.6625,,"Southampton",,"No"
"Third","Male",22.5,0,0,"2698",7225,,"Cherbourg",,"No"
"Third","Male",45,0,0,"7598",8.05,,"Southampton","15","Yes"
"Third","Female",22,0,0,"7552",10.5167,,"Southampton",,"No"
"Third","Male",19,0,0,"349228",10.1708,,"Southampton",,"No"
"Third","Female",30,0,0,"382650",6.95,,"Queenstown","15","Yes"
"Third","Male",29,0,0,"382651",7.75,,"Queenstown","13 15 B","Yes"
"Third","Male",0.3333,0,2,"347080",14.4,,"Southampton",,"No"
"Third","Male",34,1,1,"347080",14.4,,"Southampton",,"No"
"Third","Female",28,1,1,"347080",14.4,,"Southampton",,"No"
"Third","Male",27,0,0,"349219",7.8958,,"Southampton",,"No"
"Third","Male",25,0,0,"349203",7.8958,,"Southampton",,"No"
"Third","Male",24,2,0,"A/4 48871",24.15,,"Southampton",,"No"
"Third","Male",22,0,0,"SC/A4 23568",8.05,,"Southampton",,"No"
"Third","Male",21,2,0,"A/4 48871",24.15,,"Southampton",,"No"
"Third","Male",17,2,0,"A/4 48873",8.05,,"Southampton",,"No"
"Third","Male",,1,0,"386525",16.1,,"Southampton",,"No"
"Third","Female",,1,0,"386525",16.1,,"Southampton","16","Yes"
"Third","Male",36.5,1,0,"345572",17.4,,"Southampton","15","Yes"
"Third","Female",36,1,0,"345572",17.4,,"Southampton","13","Yes"
"Third","Male",30,0,0,"345774",9.5,,"Southampton","11","Yes"
"Third","Male",16,0,0,"345778",9.5,,"Southampton",,"No"
"Third","Male",1,1,2,"C.A. 2315",20575,,"Southampton","10","Yes"
"Third","Female",0.1667,1,2,"C.A. 2315",20575,,"Southampton","10","Yes"
"Third","Male",26,1,2,"C.A. 2315",20575,,"Southampton",,"No"
"Third","Female",33,1,2,"C.A. 2315",20575,,"Southampton","10","Yes"
"Third","Male",25,0,0,"349250",7.8958,,"Southampton",,"No"
"Third","Male",,0,0,"349238",7.8958,,"Southampton",,"No"
"Third","Male",,0,0,"349225",7.8958,,"Southampton",,"No"
"Third","Male",22,0,0,"A/5 21172",7.25,,"Southampton",,"No"
"Third","Male",36,0,0,"A/5 21175",7.25,,"Southampton",,"No"
"Third","Female",19,0,0,"330958",7.8792,,"Queenstown","C","Yes"
"Third","Male",17,0,0,"349232",7.8958,,"Southampton",,"No"
"Third","Male",42,0,0,"315088",8.6625,,"Southampton",,"No"
"Third","Male",43,0,0,"349226",7.8958,,"Southampton",,"No"
"Third","Male",,0,0,"2686",7.2292,,"Cherbourg",,"No"
"Third","Male",32,0,0,"370376",7.75,,"Queenstown",,"No"
"Third","Male",19,0,0,"A/5. 10482",8.05,,"Southampton","B","Yes"
"Third","Female",30,0,0,"364516",12475,,"Southampton","13","Yes"
"Third","Female",24,0,0,"368702",7.75,,"Queenstown",,"No"
"Third","Female",23,0,0,"SOTON/OQ 392083",8.05,,"Southampton",,"Yes"
"Third","Male",33,0,0,"349241",7.8958,,"Cherbourg",,"No"
"Third","Male",65,0,0,"336439",7.75,,"Queenstown",,"No"
"Third","Male",24,0,0,"S.O./P.P. 752",7.55,,"Southampton","D","Yes"
"Third","Male",23,1,0,"347072",13.9,,"Southampton",,"No"
"Third","Female",22,1,0,"347072",13.9,,"Southampton","16","Yes"
"Third","Male",18,0,0,"349912",7775,,"Southampton",,"No"
"Third","Male",16,0,0,"347074",7775,,"Southampton",,"No"
"Third","Male",45,0,0,"347061",6975,,"Southampton",,"No"
"Third","Male",,0,0,"2674",7225,,"Cherbourg",,"No"
"Third","Male",39,0,2,"2675",7.2292,,"Cherbourg",,"No"
"Third","Male",17,1,1,"2690",7.2292,,"Cherbourg",,"No"
"Third","Male",15,1,1,"2695",7.2292,,"Cherbourg",,"No"
"Third","Male",47,0,0,"A/5 3902",7.25,,"Southampton",,"No"
"Third","Female",5,0,0,"364516",12475,,"Southampton","13","Yes"
"Third","Male",,0,0,"2631",7225,,"Cherbourg",,"No"
"Third","Male",40.5,0,0,"C.A. 6212",15.1,,"Southampton",,"No"
"Third","Male",40.5,0,0,"367232",7.75,,"Queenstown",,"No"
"Third","Male",,0,0,"SOTON/O.Q. 3101308",7.05,,"Southampton","15","Yes"
"Third","Male",18,0,0,"350036",7.7958,,"Southampton",,"No"
"Third","Female",,0,0,"364859",7.75,,"Queenstown",,"No"
"Third","Male",,0,0,"364851",7.75,,"Queenstown",,"No"
"Third","Male",,0,0,"368323",6.95,,"Queenstown",,"No"
"Third","Male",26,0,0,"330910",7.8792,,"Queenstown",,"No"
"Third","Male",,0,0,"365235",7.75,,"Queenstown",,"No"
"Third","Male",,0,0,"1601",56.4958,,"Southampton","13","Yes"
"Third","Female",21,2,2,"W./C. 6608",34375,,"Southampton",,"No"
"Third","Female",9,2,2,"W./C. 6608",34375,,"Southampton",,"No"
"Third","Male",,0,0,"A/5 1478",8.05,,"Southampton",,"No"
"Third","Male",18,2,2,"W./C. 6608",34375,,"Southampton",,"No"
"Third","Male",16,1,3,"W./C. 6608",34375,,"Southampton",,"No"
"Third","Female",48,1,3,"W./C. 6608",34375,,"Southampton",,"No"
"Third","Male",,0,0,"368573",7.75,,"Queenstown",,"No"
"Third","Male",,0,0,"SOTON/O.Q. 3101314",7.25,,"Southampton",,"No"
"Third","Male",25,0,0,"36864",7.7417,,"Queenstown",,"No"
"Third","Male",,0,0,"358585",14.5,,"Southampton",,"No"
"Third","Male",,0,0,"349254",7.8958,,"Cherbourg",,"No"
"Third","Male",22,0,0,"14973",8.05,,"Southampton",,"No"
"Third","Female",16,0,0,"35851",7.7333,,"Queenstown","16","Yes"
"Third","Female",,0,0,"335677",7.75,,"Queenstown","13","Yes"
"Third","Male",9,0,2,"363291",20525,,"Southampton","C D","Yes"
"Third","Male",33,1,1,"363291",20525,,"Southampton",,"No"
"Third","Male",41,0,0,"SOTON/O.Q. 3101263",7.85,,"Southampton",,"No"
"Third","Female",31,1,1,"363291",20525,,"Southampton","C D","Yes"
"Third","Male",38,0,0,"SOTON/O.Q. 3101306",7.05,,"Southampton",,"No"
"Third","Male",9,5,2,"CA 2144",46.9,,"Southampton",,"No"
"Third","Male",1,5,2,"CA 2144",46.9,,"Southampton",,"No"
"Third","Male",11,5,2,"CA 2144",46.9,,"Southampton",,"No"
"Third","Female",10,5,2,"CA 2144",46.9,,"Southampton",,"No"
"Third","Female",16,5,2,"CA 2144",46.9,,"Southampton",,"No"
"Third","Male",14,5,2,"CA 2144",46.9,,"Southampton",,"No"
"Third","Male",40,1,6,"CA 2144",46.9,,"Southampton",,"No"
"Third","Female",43,1,6,"CA 2144",46.9,,"Southampton",,"No"
"Third","Male",51,0,0,"21440",8.05,,"Southampton",,"No"
"Third","Male",32,0,0,"8471",8.3625,,"Southampton",,"No"
"Third","Male",,0,0,"376563",8.05,,"Southampton",,"No"
"Third","Male",20,0,0,"7534",9.8458,,"Southampton",,"No"
"Third","Male",37,2,0,"3101276",7925,,"Southampton",,"No"
"Third","Male",28,2,0,"3101277",7925,,"Southampton",,"No"
"Third","Male",19,0,0,"347069",7775,,"Southampton",,"No"
"Third","Female",24,0,0,"349236",8.85,,"Southampton",,"No"
"Third","Female",17,0,0,"AQ/3. 30631",7.7333,,"Queenstown",,"No"
"Third","Male",,1,0,"65303",19.9667,,"Southampton",,"No"
"Third","Male",,1,0,"65304",19.9667,,"Southampton",,"No"
"Third","Male",28,1,0,"STON/O2. 3101279",15.85,,"Southampton",,"No"
"Third","Female",24,1,0,"STON/O2. 3101279",15.85,,"Southampton","15","Yes"
"Third","Male",20,0,0,"345769",9.5,,"Southampton",,"No"
"Third","Male",23.5,0,0,"2693",7.2292,,"Cherbourg",,"No"
"Third","Male",41,2,0,"350026",14.1083,,"Southampton",,"No"
"Third","Male",26,1,0,"350025",7.8542,,"Southampton",,"No"
"Third","Male",21,0,0,"350029",7.8542,,"Southampton",,"No"
"Third","Female",45,1,0,"350026",14.1083,,"Southampton","11","Yes"
"Third","Female",,0,0,"W./C. 6609",7.55,,"Southampton",,"No"
"Third","Male",25,0,0,"374887",7.25,,"Southampton","B","No"
"Third","Male",,0,0,"394140",6.8583,,"Queenstown",,"No"
"Third","Male",11,0,0,"2699",18.7875,,"Cherbourg",,"No"
"Third","Female",,0,0,"370375",7.75,,"Queenstown","16","Yes"
"Third","Male",27,0,0,"347089",6975,,"Southampton","15","Yes"
"Third","Male",,0,0,"1601",56.4958,,"Southampton","C","Yes"
"Third","Female",18,0,0,"365226",6.75,,"Queenstown",,"No"
"Third","Female",26,0,0,"STON/O2. 3101282",7925,,"Southampton",,"Yes"
"Third","Female",23,0,0,"STON/O2. 3101290",7925,,"Southampton",,"No"
"Third","Female",22,0,0,"7548",8.9625,,"Southampton","C","Yes"
"Third","Male",28,0,0,"349243",7.8958,,"Southampton",,"No"
"Third","Female",28,0,0,"347086",7775,,"Southampton",,"No"
"Third","Female",,0,0,"382649",7.75,,"Queenstown",,"No"
"Third","Female",2,0,1,"3101298",12.2875,,"Southampton","15","Yes"
"Third","Female",22,1,1,"3101298",12.2875,,"Southampton","15","Yes"
"Third","Male",43,0,0,"C 7075",6.45,,"Southampton",,"No"
"Third","Male",28,0,0,"C 4001",22525,,"Southampton",,"No"
"Third","Female",27,0,0,"STON/O2. 3101283",7925,,"Southampton",,"Yes"
"Third","Male",,0,0,"370377",7.75,,"Queenstown",,"No"
"Third","Female",,0,0,"A. 2. 39186",8.05,,"Southampton","C","Yes"
"Third","Male",42,0,0,"348121",7.65,"F G63","Southampton",,"No"
"Third","Male",,0,0,"3470",7.8875,,"Southampton","C","Yes"
"Third","Male",30,0,0,"2685",7.2292,,"Cherbourg",,"No"
"Third","Male",,0,0,"349220",7.8958,,"Southampton",,"No"
"Third","Female",27,1,0,"STON/O2. 3101270",7925,,"Southampton",,"No"
"Third","Female",25,1,0,"STON/O2. 3101271",7925,,"Southampton",,"No"
"Third","Male",,0,0,"349201",7.8958,,"Southampton",,"No"
"Third","Male",29,0,0,"349240",7.8958,,"Cherbourg","15","Yes"
"Third","Male",21,0,0,"350034",7.7958,,"Southampton","A","Yes"
"Third","Male",,0,0,"SOTON/O.Q. 3101305",7.05,,"Southampton",,"No"
"Third","Male",20,0,0,"350050",7.8542,,"Southampton",,"No"
"Third","Male",48,0,0,"350047",7.8542,,"Southampton",,"No"
"Third","Male",17,1,0,"350048",7.0542,,"Southampton",,"No"
"Third","Female",,0,0,"14313",7.75,,"Queenstown","D","Yes"
"Third","Male",,0,0,"65306",8.1125,,"Southampton","13","Yes"
"Third","Male",34,0,0,"3101264",6.4958,,"Southampton",,"No"
"Third","Male",26,0,0,"347070",7775,,"Southampton","15","Yes"
"Third","Male",22,0,0,"350052",7.7958,,"Southampton",,"No"
"Third","Male",33,0,0,"7540",8.6542,,"Southampton",,"No"
"Third","Male",31,0,0,"347063",7775,,"Southampton",,"No"
"Third","Male",29,0,0,"347467",7.8542,,"Southampton",,"No"
"Third","Male",4,1,1,"347742",11.1333,,"Southampton","15","Yes"
"Third","Female",1,1,1,"347742",11.1333,,"Southampton","15","Yes"
"Third","Male",49,0,0,"LINE",0,,"Southampton",,"No"
"Third","Male",33,0,0,"347062",7775,,"Southampton",,"No"
"Third","Male",19,0,0,"LINE",0,,"Southampton",,"No"
"Third","Female",27,0,2,"347742",11.1333,,"Southampton","15","Yes"
"Third","Male",,1,2,"W./C. 6607",23.45,,"Southampton",,"No"
"Third","Female",,1,2,"W./C. 6607",23.45,,"Southampton",,"No"
"Third","Male",,1,2,"W./C. 6607",23.45,,"Southampton",,"No"
"Third","Female",,1,2,"W./C. 6607",23.45,,"Southampton",,"No"
"Third","Male",23,0,0,"349204",7.8958,,"Southampton",,"No"
"Third","Male",32,0,0,"350417",7.8542,,"Southampton","15","Yes"
"Third","Male",27,0,0,"350408",7.8542,,"Southampton",,"No"
"Third","Female",20,1,0,"4136",9825,,"Southampton",,"No"
"Third","Female",21,1,0,"4137",9825,,"Southampton",,"No"
"Third","Male",32,0,0,"STON/O 2. 3101286",7925,,"Southampton","15","Yes"
"Third","Male",17,0,0,"STON/O 2. 3101274",7125,,"Southampton",,"No"
"Third","Male",21,0,0,"8475",8.4333,,"Southampton",,"No"
"Third","Male",30,0,0,"349246",7.8958,,"Southampton",,"No"
"Third","Male",21,0,0,"350053",7.7958,,"Southampton","13","Yes"
"Third","Male",33,0,0,"347465",7.8542,,"Southampton",,"No"
"Third","Male",22,0,0,"350060",7.5208,,"Southampton",,"No"
"Third","Female",4,0,1,"349256",13.4167,,"Cherbourg","15","Yes"
"Third","Male",39,0,1,"349256",13.4167,,"Cherbourg","15","Yes"
"Third","Male",,0,0,"2700",7.2292,,"Cherbourg",,"No"
"Third","Male",18.5,0,0,"2682",7.2292,,"Cherbourg",,"No"
"Third","Male",,0,0,"12460",7.75,,"Queenstown",,"No"
"Third","Male",,0,0,"323592",7.25,,"Southampton","A","No"
"Third","Female",,0,0,"9234",7.75,,"Queenstown","16","Yes"
"Third","Female",,0,0,"14312",7.75,,"Queenstown","D","Yes"
"Third","Male",34.5,0,0,"330911",7.8292,,"Queenstown",,"No"
"Third","Male",44,0,0,"363592",8.05,,"Southampton",,"No"
"Third","Male",,0,0,"368783",7.75,,"Queenstown",,"Yes"
"Third","Male",,1,0,"2660",14.4542,,"Cherbourg",,"No"
"Third","Female",,1,0,"2660",14.4542,,"Cherbourg",,"No"
"Third","Male",,1,0,"367227",7.75,,"Queenstown",,"No"
"Third","Male",,1,0,"367229",7.75,,"Queenstown",,"No"
"Third","Male",,0,0,"36865",7.7375,,"Queenstown",,"No"
"Third","Female",22,2,0,"315152",8.6625,,"Southampton",,"No"
"Third","Male",26,2,0,"315151",8.6625,,"Southampton",,"No"
"Third","Female",4,0,2,"315153",22025,,"Southampton","2","Yes"
"Third","Male",29,3,1,"315153",22025,,"Southampton","2","Yes"
"Third","Female",26,1,1,"315153",22025,,"Southampton","2","Yes"
"Third","Female",1,1,1,"350405",12.1833,,"Southampton",,"No"
"Third","Male",18,1,1,"350404",7.8542,,"Southampton",,"No"
"Third","Female",36,0,2,"350405",12.1833,,"Southampton",,"No"
"Third","Male",,0,0,"349253",7.8958,,"Cherbourg",,"No"
"Third","Male",25,0,0,"2654",7.2292,"F E57","Cherbourg","10","Yes"
"Third","Male",,0,0,"2624",7225,,"Cherbourg",,"No"
"Third","Female",37,0,0,"4135",9.5875,,"Southampton",,"No"
"Third","Male",,0,0,"349217",7.8958,,"Southampton",,"No"
"Third","Male",,0,0,"1601",56.4958,,"Southampton","C","Yes"
"Third","Male",,0,0,"1601",56.4958,,"Southampton",,"No"
"Third","Female",22,0,0,"C 7077",7.25,,"Southampton","13","Yes"
"Third","Male",,0,0,"7935",7.75,,"Queenstown",,"No"
"Third","Male",26,0,0,"1601",56.4958,,"Southampton","14","Yes"
"Third","Male",29,0,0,"7545",9.4833,,"Southampton",,"No"
"Third","Male",29,0,0,"347067",7775,,"Southampton",,"No"
"Third","Male",22,0,0,"347065",7775,,"Southampton",,"No"
"Third","Male",22,0,0,"2620",7225,,"Cherbourg","6","Yes"
"Third","Male",,3,1,"4133",25.4667,,"Southampton",,"No"
"Third","Female",,3,1,"4133",25.4667,,"Southampton",,"No"
"Third","Female",,3,1,"4133",25.4667,,"Southampton",,"No"
"Third","Female",,3,1,"4133",25.4667,,"Southampton",,"No"
"Third","Female",,0,4,"4133",25.4667,,"Southampton",,"No"
"Third","Male",32,0,0,"STON/O 2. 3101292",7925,,"Southampton",,"No"
"Third","Male",34.5,0,0,"2683",6.4375,,"Cherbourg",,"No"
"Third","Female",,1,0,"370371",15.5,,"Queenstown",,"No"
"Third","Male",,1,0,"370371",15.5,,"Queenstown",,"No"
"Third","Male",36,0,0,"LINE",0,,"Southampton",,"No"
"Third","Male",39,0,0,"A/4 48871",24.15,,"Southampton",,"No"
"Third","Male",24,0,0,"345781",9.5,,"Southampton",,"No"
"Third","Female",25,0,0,"347071",7775,,"Southampton",,"No"
"Third","Female",45,0,0,"347073",7.75,,"Southampton",,"No"
"Third","Male",36,1,0,"349910",15.55,,"Southampton","A","No"
"Third","Female",30,1,0,"349910",15.55,,"Southampton","A","No"
"Third","Male",20,1,0,"STON/O 2. 3101285",7925,,"Southampton","15","Yes"
"Third","Male",,0,0,"330971",7.8792,,"Queenstown",,"No"
"Third","Male",28,0,0,"1601",56.4958,,"Southampton",,"No"
"Third","Male",,0,0,"S.O./P.P. 251",7.55,,"Southampton",,"No"
"Third","Male",30,1,0,"A/5. 3336",16.1,,"Southampton",,"No"
"Third","Female",26,1,0,"A/5. 3336",16.1,,"Southampton",,"No"
"Third","Male",,0,0,"1222",7.8792,,"Southampton",,"No"
"Third","Male",20.5,0,0,"A/5 21173",7.25,,"Southampton",,"No"
"Third","Male",27,0,0,"315098",8.6625,,"Southampton","15","Yes"
"Third","Male",51,0,0,"347743",7.0542,,"Southampton",,"No"
"Third","Female",23,0,0,"347469",7.8542,,"Southampton","10","Yes"
"Third","Male",32,0,0,"350403",7.5792,,"Southampton","15","Yes"
"Third","Male",,0,0,"349235",7.8958,,"Southampton",,"No"
"Third","Male",,0,0,"C.A. 42795",7.55,,"Southampton",,"No"
"Third","Female",,0,0,"370370",7.75,,"Queenstown","15","Yes"
"Third","Male",24,0,0,"C 17369",7.1417,,"Southampton","13","Yes"
"Third","Male",22,0,0,"STON/O 2. 3101275",7125,,"Southampton",,"No"
"Third","Female",,0,0,"330924",7.8792,,"Queenstown",,"No"
"Third","Male",,0,0,"AQ/4 3130",7.75,,"Queenstown",,"No"
"Third","Male",,0,0,"A/S 2816",8.05,,"Southampton",,"No"
"Third","Male",29,0,0,"STON/O 2. 3101268",7925,,"Southampton",,"No"
"Third","Male",,0,0,"2677",7.2292,,"Cherbourg","15","Yes"
"Third","Female",30.5,0,0,"364850",7.75,,"Queenstown",,"No"
"Third","Female",,0,0,"36866",7.7375,,"Queenstown","16","Yes"
"Third","Male",,0,0,"2655",7.2292,"F E46","Cherbourg",,"No"
"Third","Male",35,0,0,"349213",7.8958,,"Cherbourg",,"No"
"Third","Male",33,0,0,"349257",7.8958,,"Southampton",,"No"
"Third","Female",,0,0,"2649",7225,,"Cherbourg","C","Yes"
"Third","Male",,0,0,"349255",7.8958,,"Cherbourg",,"No"
"Third","Female",,0,0,"383123",7.75,,"Queenstown","15 16","Yes"
"Third","Male",,0,0,"367228",7.75,,"Queenstown",,"Yes"
"Third","Female",,2,0,"367226",23.25,,"Queenstown","16","Yes"
"Third","Female",,2,0,"367226",23.25,,"Queenstown","16","Yes"
"Third","Male",,2,0,"367226",23.25,,"Queenstown","16","Yes"
"Third","Female",,0,0,"330932",7.7875,,"Queenstown","13","Yes"
"Third","Male",,0,0,"36568",15.5,,"Queenstown",,"No"
"Third","Female",,0,0,"330931",7.8792,,"Queenstown","13","Yes"
"Third","Female",15,0,0,"330923",8.0292,,"Queenstown",,"Yes"
"Third","Female",35,0,0,"9232",7.75,,"Queenstown",,"No"
"Third","Male",,0,0,"370372",7.75,,"Queenstown",,"No"
"Third","Male",24,1,0,"376566",16.1,,"Southampton",,"No"
"Third","Female",19,1,0,"376566",16.1,,"Southampton",,"No"
"Third","Female",,0,0,"370368",7.75,,"Queenstown",,"No"
"Third","Female",,0,0,"SOTON/O.Q. 392087",8.05,,"Southampton",,"No"
"Third","Female",,0,0,"343095",8.05,,"Southampton",,"No"
"Third","Male",55.5,0,0,"A.5. 11206",8.05,,"Southampton",,"No"
"Third","Male",,0,0,"368703",7.75,,"Queenstown",,"No"
"Third","Male",21,0,0,"345501",7775,,"Southampton","15","Yes"
"Third","Male",,0,0,"359306",8.05,,"Southampton",,"No"
"Third","Male",24,0,0,"349233",7.8958,,"Southampton",,"No"
"Third","Male",21,0,0,"349211",7.8958,,"Southampton",,"No"
"Third","Male",28,0,0,"349207",7.8958,,"Southampton",,"No"
"Third","Male",,0,0,"349221",7.8958,,"Southampton",,"No"
"Third","Female",,0,0,"330980",7.8792,,"Queenstown","16","Yes"
"Third","Male",25,0,0,"348123",7.65,"F G73","Southampton",,"No"
"Third","Male",6,0,1,"392096",12475,"E121","Southampton","14","Yes"
"Third","Female",27,0,1,"392096",12475,"E121","Southampton","14","Yes"
"Third","Male",,0,0,"A4. 54510",8.05,,"Southampton",,"No"
"Third","Female",,1,0,"371110",24.15,,"Queenstown","16","Yes"
"Third","Male",,1,0,"371110",24.15,,"Queenstown",,"No"
"Third","Male",,0,0,"330877",8.4583,,"Queenstown",,"No"
"Third","Male",34,0,0,"364506",8.05,,"Southampton",,"No"
"Third","Male",,0,0,"372622",7.75,,"Queenstown",,"No"
"Third","Male",,0,0,"312991",7775,,"Southampton","B","Yes"
"Third","Male",,1,1,"2661",15.2458,,"Cherbourg","C","Yes"
"Third","Male",,1,1,"2661",15.2458,,"Cherbourg","C","Yes"
"Third","Female",,0,2,"2661",15.2458,,"Cherbourg","C","Yes"
"Third","Female",,0,0,"2626",7.2292,,"Cherbourg",,"Yes"
"Third","Male",,0,0,"374746",8.05,,"Southampton",,"No"
"Third","Female",,0,0,"35852",7.7333,,"Queenstown","16","Yes"
"Third","Female",24,0,0,"382653",7.75,,"Queenstown","15","Yes"
"Third","Male",,0,0,"A./5. 3235",8.05,,"Southampton",,"No"
"Third","Female",,1,0,"367230",15.5,,"Queenstown","16","Yes"
"Third","Female",,1,0,"367230",15.5,,"Queenstown","16","Yes"
"Third","Female",,0,0,"36568",15.5,,"Queenstown","16","Yes"
"Third","Male",18,0,0,"347078",7.75,,"Southampton",,"No"
"Third","Male",22,0,0,"349206",7.8958,,"Southampton",,"No"
"Third","Female",15,0,0,"2667",7225,,"Cherbourg","C","Yes"
"Third","Female",1,0,2,"2653",15.7417,,"Cherbourg","C","Yes"
"Third","Male",20,1,1,"2653",15.7417,,"Cherbourg","C","Yes"
"Third","Female",19,1,1,"2653",15.7417,,"Cherbourg","C","Yes"
"Third","Male",33,0,0,"A./5. 3338",8.05,,"Southampton",,"No"
"Third","Male",,0,0,"349218",7.8958,,"Southampton",,"No"
"Third","Male",,0,0,"2652",7.2292,,"Cherbourg",,"No"
"Third","Female",,0,0,"365237",7.75,,"Queenstown",,"No"
"Third","Male",,0,0,"349234",7.8958,,"Southampton",,"No"
"Third","Male",12,1,0,"2651",11.2417,,"Cherbourg","C","Yes"
"Third","Female",14,1,0,"2651",11.2417,,"Cherbourg","C","Yes"
"Third","Female",29,0,0,"3101297",7925,,"Southampton",,"No"
"Third","Male",28,0,0,"363611",8.05,,"Southampton",,"No"
"Third","Female",18,0,0,"347066",7775,,"Southampton","D","Yes"
"Third","Female",26,0,0,"347470",7.8542,,"Southampton","13","Yes"
"Third","Male",21,0,0,"350410",7.8542,,"Southampton",,"No"
"Third","Male",41,0,0,"SOTON/O2 3101272",7125,,"Southampton",,"No"
"Third","Male",39,0,0,"STON/O 2. 3101289",7925,,"Southampton","9","Yes"
"Third","Male",21,0,0,"A/4. 39886",7.8,,"Southampton",,"No"
"Third","Male",28.5,0,0,"2697",7.2292,,"Cherbourg",,"No"
"Third","Female",22,0,0,"347081",7.75,,"Southampton","13","Yes"
"Third","Male",61,0,0,"345364",6.2375,,"Southampton",,"No"
"Third","Male",,1,0,"370365",15.5,,"Queenstown",,"No"
"Third","Male",,0,0,"330979",7.8292,,"Queenstown",,"No"
"Third","Female",,1,0,"370365",15.5,,"Queenstown",,"Yes"
"Third","Male",,0,0,"334912",7.7333,,"Queenstown",,"No"
"Third","Male",,0,0,"371060",7.75,,"Queenstown",,"No"
"Third","Male",,0,0,"366713",7.75,,"Queenstown",,"No"
"Third","Male",23,0,0,"7267",9225,,"Southampton",,"No"
"Third","Female",,0,0,"364856",7.75,,"Queenstown",,"No"
"Third","Female",,0,0,"14311",7.75,,"Queenstown","D","Yes"
"Third","Female",,0,0,"330959",7.8792,,"Queenstown",,"Yes"
"Third","Female",22,0,0,"347085",7775,,"Southampton","C","Yes"
"Third","Male",,0,0,"368402",7.75,,"Queenstown","B","Yes"
"Third","Female",,0,0,"330919",7.8292,,"Queenstown","13","Yes"
"Third","Male",9,0,1,"C 17368",3.1708,,"Southampton","13","Yes"
"Third","Male",28,0,0,"C 4001",22525,,"Southampton",,"No"
"Third","Male",42,0,1,"4579",8.4042,,"Southampton",,"No"
"Third","Male",,0,0,"Fa 265302",7.3125,,"Southampton",,"No"
"Third","Female",31,0,0,"350407",7.8542,,"Southampton",,"No"
"Third","Male",28,0,0,"347464",7.8542,,"Southampton",,"No"
"Third","Male",32,0,0,"347079",7775,,"Southampton","A","Yes"
"Third","Male",20,0,0,"6563",9225,,"Southampton",,"No"
"Third","Female",23,0,0,"315085",8.6625,,"Southampton",,"No"
"Third","Female",20,0,0,"315096",8.6625,,"Southampton",,"No"
"Third","Male",20,0,0,"315094",8.6625,,"Southampton",,"No"
"Third","Male",16,0,0,"7534",9.2167,,"Southampton",,"No"
"Third","Female",31,0,0,"349244",8.6833,,"Southampton",,"Yes"
"Third","Female",,0,0,"330909",7.6292,,"Queenstown",,"No"
"Third","Male",2,3,1,"349909",21075,,"Southampton",,"No"
"Third","Male",6,3,1,"349909",21075,,"Southampton",,"No"
"Third","Female",3,3,1,"349909",21075,,"Southampton",,"No"
"Third","Female",8,3,1,"349909",21075,,"Southampton",,"No"
"Third","Female",29,0,4,"349909",21075,,"Southampton",,"No"
"Third","Male",1,4,1,"3101295",39.6875,,"Southampton",,"No"
"Third","Male",7,4,1,"3101295",39.6875,,"Southampton",,"No"
"Third","Male",2,4,1,"3101295",39.6875,,"Southampton",,"No"
"Third","Male",16,4,1,"3101295",39.6875,,"Southampton",,"No"
"Third","Male",14,4,1,"3101295",39.6875,,"Southampton",,"No"
"Third","Female",41,0,5,"3101295",39.6875,,"Southampton",,"No"
"Third","Male",21,0,0,"315097",8.6625,,"Southampton",,"No"
"Third","Male",19,0,0,"358585",14.5,,"Southampton",,"No"
"Third","Male",,0,0,"3411",8.7125,,"Cherbourg",,"No"
"Third","Male",32,0,0,"349242",7.8958,,"Southampton",,"No"
"Third","Male",0.75,1,1,"SOTON/O.Q. 3101315",13775,,"Southampton",,"No"
"Third","Female",3,1,1,"SOTON/O.Q. 3101315",13775,,"Southampton",,"No"
"Third","Female",26,0,2,"SOTON/O.Q. 3101315",13775,,"Southampton",,"No"
"Third","Male",,0,0,"343271",7,,"Southampton",,"No"
"Third","Male",,0,0,"345498",7775,,"Southampton",,"No"
"Third","Male",,0,0,"A/5 2817",8.05,,"Southampton",,"No"
"Third","Male",21,0,0,"STON/O 2. 3101294",7925,,"Southampton",,"No"
"Third","Male",25,0,0,"STON/O 2. 3101291",7925,,"Southampton",,"No"
"Third","Male",22,0,0,"A/5 21174",7.25,,"Southampton",,"No"
"Third","Male",25,1,0,"347083",7775,,"Southampton","15","Yes"
"Third","Male",,1,1,"2668",22.3583,,"Cherbourg","C","Yes"
"Third","Female",,1,1,"2668",22.3583,"F E69","Cherbourg","D","Yes"
"Third","Female",,0,2,"2668",22.3583,,"Cherbourg","D","Yes"
"Third","Female",,0,0,"330935",8.1375,,"Queenstown",,"No"
"Third","Male",24,0,0,"342441",8.05,,"Southampton",,"No"
"Third","Female",28,0,0,"349245",7.8958,,"Southampton",,"No"
"Third","Male",19,0,0,"349212",7.8958,,"Southampton",,"No"
"Third","Male",,0,0,"349215",7.8958,,"Southampton",,"No"
"Third","Male",25,1,0,"347076",7775,,"Southampton",,"No"
"Third","Female",18,0,0,"347087",7775,,"Southampton",,"No"
"Third","Male",32,0,0,"SOTON/O.Q. 392078",8.05,"E10","Southampton","9","Yes"
"Third","Male",,0,0,"349227",7.8958,,"Southampton",,"No"
"Third","Male",17,0,0,"315095",8.6625,,"Southampton",,"No"
"Third","Male",24,0,0,"315092",8.6625,,"Southampton",,"No"
"Third","Male",,0,0,"349223",7.8958,,"Southampton",,"No"
"Third","Female",,0,0,"65305",8.1125,,"Southampton",,"No"
"Third","Male",,0,0,"2629",7.2292,,"Cherbourg",,"No"
"Third","Male",,0,0,"362316",7.25,,"Southampton",,"No"
"Third","Male",38,0,0,"349249",7.8958,,"Southampton",,"No"
"Third","Male",21,0,0,"342684",8.05,,"Southampton",,"No"
"Third","Male",10,4,1,"382652",29125,,"Queenstown",,"No"
"Third","Male",4,4,1,"382652",29125,,"Queenstown",,"No"
"Third","Male",7,4,1,"382652",29125,,"Queenstown",,"No"
"Third","Male",2,4,1,"382652",29125,,"Queenstown",,"No"
"Third","Male",8,4,1,"382652",29125,,"Queenstown",,"No"
"Third","Female",39,0,5,"382652",29125,,"Queenstown",,"No"
"Third","Female",22,0,0,"3101295",39.6875,,"Southampton",,"No"
"Third","Male",35,0,0,"STON/O 2. 3101273",7125,,"Southampton",,"No"
"Third","Female",,0,0,"334915",7.7208,,"Queenstown","13","Yes"
"Third","Male",,0,0,"364498",14.5,,"Southampton",,"No"
"Third","Female",,0,0,"364498",14.5,,"Southampton",,"No"
"Third","Male",50,1,0,"A/5. 3337",14.5,,"Southampton",,"No"
"Third","Female",47,1,0,"A/5. 3337",14.5,,"Southampton",,"No"
"Third","Male",,0,0,"S.C./A.4. 23567",8.05,,"Southampton",,"No"
"Third","Male",,0,0,"312993",7775,,"Southampton",,"No"
"Third","Female",2,1,1,"370129",20.2125,,"Southampton",,"No"
"Third","Male",18,1,1,"370129",20.2125,,"Southampton",,"No"
"Third","Female",41,0,2,"370129",20.2125,,"Southampton",,"No"
"Third","Female",,0,0,"342712",8.05,,"Southampton","C","Yes"
"Third","Male",50,0,0,"A/5 3594",8.05,,"Southampton",,"No"
"Third","Male",16,0,0,"A/4. 20589",8.05,,"Southampton",,"No"
"Third","Male",,0,0,"383162",7.75,,"Queenstown","14","Yes"
"Third","Male",,0,0,"371110",24.15,,"Queenstown",,"No"
"Third","Male",,0,0,"2671",7.2292,,"Cherbourg",,"No"
"Third","Male",25,0,0,"2672",7225,,"Cherbourg",,"No"
"Third","Male",,0,0,"2676",7225,,"Cherbourg",,"No"
"Third","Male",,0,0,"367655",7.7292,,"Queenstown",,"No"
"Third","Male",,0,0,"LP 1588",7575,,"Southampton",,"No"
"Third","Male",38.5,0,0,"SOTON/O.Q. 3101262",7.25,,"Southampton",,"No"
"Third","Male",,8,2,"CA. 2343",69.55,,"Southampton",,"No"
"Third","Male",14.5,8,2,"CA. 2343",69.55,,"Southampton",,"No"
"Third","Female",,8,2,"CA. 2343",69.55,,"Southampton",,"No"
"Third","Female",,8,2,"CA. 2343",69.55,,"Southampton",,"No"
"Third","Female",,8,2,"CA. 2343",69.55,,"Southampton",,"No"
"Third","Female",,8,2,"CA. 2343",69.55,,"Southampton",,"No"
"Third","Male",,8,2,"CA. 2343",69.55,,"Southampton",,"No"
"Third","Male",,8,2,"CA. 2343",69.55,,"Southampton",,"No"
"Third","Male",,8,2,"CA. 2343",69.55,,"Southampton",,"No"
"Third","Male",,1,9,"CA. 2343",69.55,,"Southampton",,"No"
"Third","Female",,1,9,"CA. 2343",69.55,,"Southampton",,"No"
"Third","Male",24,0,0,"7266",9325,,"Southampton",,"No"
"Third","Female",21,0,0,"343120",7.65,,"Southampton","C","Yes"
"Third","Male",39,0,0,"3101296",7925,,"Southampton",,"No"
"Third","Male",,2,0,"2662",21.6792,,"Cherbourg",,"No"
"Third","Male",,2,0,"2662",21.6792,,"Cherbourg",,"No"
"Third","Male",,2,0,"2662",21.6792,,"Cherbourg",,"No"
"Third","Female",1,1,1,"PP 9549",16.7,"G6","Southampton","13","Yes"
"Third","Female",24,0,2,"PP 9549",16.7,"G6","Southampton","13","Yes"
"Third","Female",4,1,1,"PP 9549",16.7,"G6","Southampton","13","Yes"
"Third","Male",25,0,0,"345768",9.5,,"Southampton","11","Yes"
"Third","Male",20,0,0,"A/5. 2151",8.05,,"Southampton",,"No"
"Third","Male",24.5,0,0,"342826",8.05,,"Southampton",,"No"
"Third","Male",,0,0,"36209",7725,,"Queenstown",,"No"
"Third","Male",,0,0,"349222",7.8958,,"Southampton",,"No"
"Third","Male",,0,0,"370374",7.75,,"Queenstown",,"No"
"Third","Male",29,0,0,"345779",9.5,,"Southampton","11","Yes"
"Third","Male",,0,0,"C.A. 6212",15.1,,"Southampton",,"No"
"Third","Female",,0,0,"330968",7.7792,,"Queenstown",,"Yes"
"Third","Male",,0,0,"374910",8.05,,"Southampton",,"No"
"Third","Male",,0,0,"SOTON/OQ 392082",8.05,,"Southampton",,"No"
"Third","Male",22,0,0,"2669",7.2292,,"Cherbourg",,"No"
"Third","Male",,0,0,"392092",8.05,,"Southampton",,"No"
"Third","Male",40,0,0,"349251",7.8958,,"Southampton",,"No"
"Third","Male",21,0,0,"STON/O 2. 3101280",7925,,"Southampton",,"No"
"Third","Female",18,0,0,"3101265",7.4958,,"Southampton","16","Yes"
"Third","Male",4,3,2,"347088",27.9,,"Southampton",,"No"
"Third","Male",10,3,2,"347088",27.9,,"Southampton",,"No"
"Third","Female",9,3,2,"347088",27.9,,"Southampton",,"No"
"Third","Female",2,3,2,"347088",27.9,,"Southampton",,"No"
"Third","Male",40,1,4,"347088",27.9,,"Southampton",,"No"
"Third","Female",45,1,4,"347088",27.9,,"Southampton",,"No"
"Third","Male",,0,0,"349214",7.8958,,"Southampton",,"No"
"Third","Male",,0,0,"SOTON/OQ 392086",8.05,,"Southampton",,"No"
"Third","Male",,0,0,"315037",8.6625,,"Southampton",,"No"
"Third","Male",,0,0,"384461",7.75,,"Queenstown",,"No"
"Third","Female",,0,0,"335432",7.7333,,"Queenstown","13","Yes"
"Third","Male",19,0,0,"348124",7.65,"F G73","Southampton",,"No"
"Third","Male",30,0,0,"A.5. 18509",8.05,,"Southampton",,"No"
"Third","Male",,0,0,"A.5. 3236",8.05,,"Southampton",,"No"
"Third","Male",32,0,0,"STON/OQ. 369943",8.05,,"Southampton",,"No"
"Third","Male",,0,0,"349208",7.8958,,"Southampton",,"No"
"Third","Male",33,0,0,"349239",8.6625,,"Cherbourg",,"No"
"Third","Female",23,0,0,"CA. 2314",7.55,,"Southampton","C","Yes"
"Third","Male",21,0,0,"A/4 45380",8.05,,"Southampton",,"No"
"Third","Male",60.5,0,0,"3701",,,"Southampton",,"No"
"Third","Male",19,0,0,"349205",7.8958,,"Southampton",,"No"
"Third","Female",22,0,0,"7553",9.8375,,"Southampton",,"No"
"Third","Male",31,0,0,"STON/O 2. 3101288",7925,,"Southampton","9","Yes"
"Third","Male",27,0,0,"315083",8.6625,,"Southampton",,"No"
"Third","Female",2,0,1,"347054",10.4625,"G6","Southampton",,"No"
"Third","Female",29,1,1,"347054",10.4625,"G6","Southampton",,"No"
"Third","Male",16,0,0,"SOTON/OQ 392089",8.05,,"Southampton","B","Yes"
"Third","Male",44,0,0,"STON/O 2. 3101269",7925,,"Southampton","15","Yes"
"Third","Male",25,0,0,"SOTON/OQ 392076",7.05,,"Southampton",,"No"
"Third","Male",74,0,0,"347060",7775,,"Southampton",,"No"
"Third","Male",14,0,0,"7538",9225,,"Southampton","13","Yes"
"Third","Male",24,0,0,"350035",7.7958,,"Southampton",,"No"
"Third","Male",25,0,0,"350033",7.7958,,"Southampton","13 15","Yes"
"Third","Male",34,0,0,"363294",8.05,,"Southampton",,"No"
"Third","Male",0.4167,0,1,"2625",8.5167,,"Cherbourg","16","Yes"
"Third","Male",,1,0,"2621",6.4375,,"Cherbourg",,"No"
"Third","Male",,0,0,"2681",6.4375,,"Cherbourg",,"No"
"Third","Male",,0,0,"2684",7225,,"Cherbourg",,"No"
"Third","Female",16,1,1,"2625",8.5167,,"Cherbourg","14","Yes"
"Third","Male",,0,0,"32302",8.05,,"Southampton",,"No"
"Third","Male",,1,0,"376564",16.1,,"Southampton",,"No"
"Third","Female",,1,0,"376564",16.1,,"Southampton","10","Yes"
"Third","Male",32,0,0,"STON/O 2. 3101293",7925,,"Southampton",,"No"
"Third","Male",,0,0,"383121",7.75,"F38","Queenstown",,"No"
"Third","Male",,0,0,"349216",7.8958,,"Southampton",,"No"
"Third","Male",30.5,0,0,"364499",8.05,,"Southampton",,"No"
"Third","Male",44,0,0,"364511",8.05,,"Southampton",,"No"
"Third","Male",,0,0,"2673",7.2292,,"Cherbourg",,"No"
"Third","Male",25,0,0,"LINE",0,,"Southampton","15","Yes"
"Third","Male",,0,0,"2641",7.2292,,"Cherbourg",,"No"
"Third","Male",7,1,1,"2650",15.2458,,"Cherbourg","C","Yes"
"Third","Female",9,1,1,"2650",15.2458,,"Cherbourg","C","Yes"
"Third","Female",29,0,2,"2650",15.2458,,"Cherbourg","C","Yes"
"Third","Male",36,0,0,"349247",7.8958,,"Southampton",,"No"
"Third","Female",18,0,0,"4138",9.8417,,"Southampton","15","Yes"
"Third","Female",63,0,0,"4134",9.5875,,"Southampton","15","Yes"
"Third","Male",,1,1,"A/5. 851",14.5,,"Southampton",,"No"
"Third","Male",11.5,1,1,"A/5. 851",14.5,,"Southampton",,"No"
"Third","Male",40.5,0,2,"A/5. 851",14.5,,"Southampton",,"No"
"Third","Female",10,0,2,"345773",24.15,,"Southampton",,"No"
"Third","Male",36,1,1,"345773",24.15,,"Southampton",,"No"
"Third","Female",30,1,1,"345773",24.15,,"Southampton",,"No"
"Third","Male",,0,0,"345777",9.5,,"Southampton",,"No"
"Third","Male",33,0,0,"345780",9.5,,"Southampton",,"No"
"Third","Male",28,0,0,"345770",9.5,,"Southampton",,"No"
"Third","Male",28,0,0,"345783",9.5,,"Southampton",,"No"
"Third","Male",47,0,0,"345765",9,,"Southampton",,"No"
"Third","Female",18,2,0,"345764",18,,"Southampton",,"No"
"Third","Male",31,3,0,"345763",18,,"Southampton",,"No"
"Third","Male",16,2,0,"345764",18,,"Southampton",,"No"
"Third","Female",31,1,0,"345763",18,,"Southampton",,"No"
"Third","Male",22,0,0,"2658",7225,,"Cherbourg","13 15","Yes"
"Third","Male",20,0,0,"350416",7.8542,,"Southampton",,"No"
"Third","Female",14,0,0,"350406",7.8542,,"Southampton",,"No"
"Third","Male",22,0,0,"349252",7.8958,,"Southampton",,"No"
"Third","Male",22,0,0,"345767",9,,"Southampton",,"No"
"Third","Male",,0,0,"359309",8.05,,"Southampton",,"No"
"Third","Male",,0,0,"C.A. 49867",7.55,,"Southampton",,"No"
"Third","Male",,0,0,"SOTON/OQ 3101316",8.05,,"Southampton",,"No"
"Third","Male",32.5,0,0,"345775",9.5,,"Southampton",,"No"
"Third","Female",38,0,0,"2688",7.2292,,"Cherbourg","C","Yes"
"Third","Male",51,0,0,"347064",7.75,,"Southampton",,"No"
"Third","Male",18,1,0,"3101267",6.4958,,"Southampton",,"No"
"Third","Male",21,1,0,"3101266",6.4958,,"Southampton",,"No"
"Third","Female",47,1,0,"363272",7,,"Southampton",,"Yes"
"Third","Male",,0,0,"3410",8.7125,,"Southampton",,"No"
"Third","Male",,0,0,"S.O./P.P. 751",7.55,,"Southampton",,"No"
"Third","Male",,0,0,"A/5 2466",8.05,,"Southampton",,"No"
"Third","Male",28.5,0,0,"54636",16.1,,"Southampton",,"No"
"Third","Male",21,0,0,"SOTON/OQ 3101317",7.25,,"Southampton",,"No"
"Third","Male",27,0,0,"315154",8.6625,,"Southampton",,"No"
"Third","Male",,0,0,"A/4. 34244",7.25,,"Southampton",,"No"
"Third","Male",36,0,0,"345771",9.5,,"Southampton",,"No"
"Third","Male",27,1,0,"2659",14.4542,,"Cherbourg","C","No"
"Third","Female",15,1,0,"2659",14.4542,,"Cherbourg",,"Yes"
"Third","Male",45.5,0,0,"2628",7225,,"Cherbourg",,"No"
"Third","Male",,0,0,"2647",7225,,"Cherbourg",,"No"
"Third","Male",,0,0,"2627",14.4583,,"Cherbourg",,"No"
"Third","Female",14.5,1,0,"2665",14.4542,,"Cherbourg",,"No"
"Third","Female",,1,0,"2665",14.4542,,"Cherbourg",,"No"
"Third","Male",26.5,0,0,"2656",7225,,"Cherbourg",,"No"
"Third","Male",27,0,0,"2670",7225,,"Cherbourg",,"No"
"Third","Male",29,0,0,"315082",7875,,"Southampton",,"No"
